SettlementID,SettlementCode,FranchiseID,ContractID,PeriodStart,PeriodEnd,GrossRevenue,PartnerShareAmount,PlatformShareAmount,SettlementStatus,CreatedAt,ApprovedAt
1,"SET-20260601222856-7B89E2",1,1,"2024-06-01T00:00:00.0000000","2024-06-30T00:00:00.0000000",66803481.0500,39414053.8195,27389427.2305,"Approved","2026-06-01T22:28:56.2685990","2026-06-01T22:28:56.2685990"
2,"SET-20260601222856-C3B939",2,2,"2024-06-01T00:00:00.0000000","2024-06-30T00:00:00.0000000",214839204.3500,128903522.6100,85935681.7400,"Approved","2026-06-01T22:28:56.3071282","2026-06-01T22:28:56.3071282"
3,"SET-20260601222856-00B348",3,3,"2024-06-01T00:00:00.0000000","2024-06-30T00:00:00.0000000",221439387.7000,135078026.4970,86361361.2030,"Approved","2026-06-01T22:28:56.3336144","2026-06-01T22:28:56.3336144"
4,"SET-20260601222856-463BCD",4,4,"2024-06-01T00:00:00.0000000","2024-06-30T00:00:00.0000000",49317418.5000,30576799.4700,18740619.0300,"Approved","2026-06-01T22:28:56.3401663","2026-06-01T22:28:56.3401663"
5,"SET-20260601222856-53C364",5,5,"2024-06-01T00:00:00.0000000","2024-06-30T00:00:00.0000000",47631687.8000,30007963.3140,17623724.4860,"Approved","2026-06-01T22:28:56.3473078","2026-06-01T22:28:56.3473078"
6,"SET-20260601222856-581124",6,6,"2024-06-01T00:00:00.0000000","2024-06-30T00:00:00.0000000",42968458.0500,27499813.1520,15468644.8980,"Approved","2026-06-01T22:28:56.3529826","2026-06-01T22:28:56.3529826"
7,"SET-20260601222856-E70C28",7,7,"2024-06-01T00:00:00.0000000","2024-06-30T00:00:00.0000000",54061592.8500,35140035.3525,18921557.4975,"Approved","2026-06-01T22:28:56.3610408","2026-06-01T22:28:56.3610408"
8,"SET-20260601222856-D19103",8,8,"2024-06-01T00:00:00.0000000","2024-06-30T00:00:00.0000000",87260619.0000,57592008.5400,29668610.4600,"Approved","2026-06-01T22:28:56.3691075","2026-06-01T22:28:56.3691075"
9,"SET-20260601222856-8A0B45",9,9,"2024-06-01T00:00:00.0000000","2024-06-30T00:00:00.0000000",58388118.8000,39120039.5960,19268079.2040,"Approved","2026-06-01T22:28:56.3778628","2026-06-01T22:28:56.3778628"
10,"SET-20260601222856-06BF98",10,10,"2024-06-01T00:00:00.0000000","2024-06-30T00:00:00.0000000",91637717.0000,53149875.8600,38487841.1400,"Approved","2026-06-01T22:28:56.3924684","2026-06-01T22:28:56.3924684"
11,"SET-20260601222856-4E5795",11,11,"2024-06-01T00:00:00.0000000","2024-06-30T00:00:00.0000000",57395103.0000,33863110.7700,23531992.2300,"Approved","2026-06-01T22:28:56.3996326","2026-06-01T22:28:56.3996326"
12,"SET-20260601222856-13ED37",12,12,"2024-06-01T00:00:00.0000000","2024-06-30T00:00:00.0000000",74308363.5000,44585018.1000,29723345.4000,"Approved","2026-06-01T22:28:56.4067473","2026-06-01T22:28:56.4067473"
13,"SET-20260601222856-19B738",13,13,"2024-06-01T00:00:00.0000000","2024-06-30T00:00:00.0000000",77133917.3000,47051689.5530,30082227.7470,"Approved","2026-06-01T22:28:56.4117404","2026-06-01T22:28:56.4117404"
14,"SET-20260601222856-617D75",14,14,"2024-06-01T00:00:00.0000000","2024-06-30T00:00:00.0000000",76714413.7500,47562936.5250,29151477.2250,"Approved","2026-06-01T22:28:56.4157431","2026-06-01T22:28:56.4157431"
15,"SET-20260601222856-CB5FE1",15,15,"2024-06-01T00:00:00.0000000","2024-06-30T00:00:00.0000000",103346217.5000,65108117.0250,38238100.4750,"Approved","2026-06-01T22:28:56.4252761","2026-06-01T22:28:56.4252761"
16,"SET-20260601222856-583B8D",1,1,"2024-07-01T00:00:00.0000000","2024-07-31T00:00:00.0000000",66860206.4500,39447521.8055,27412684.6445,"Approved","2026-06-01T22:28:56.4308019","2026-06-01T22:28:56.4308019"
17,"SET-20260601222856-9B4222",2,2,"2024-07-01T00:00:00.0000000","2024-07-31T00:00:00.0000000",214354000.6500,128612400.3900,85741600.2600,"Approved","2026-06-01T22:28:56.4479446","2026-06-01T22:28:56.4479446"
18,"SET-20260601222856-7185F0",3,3,"2024-07-01T00:00:00.0000000","2024-07-31T00:00:00.0000000",223110383.9000,136097334.1790,87013049.7210,"Approved","2026-06-01T22:28:56.4671483","2026-06-01T22:28:56.4671483"
19,"SET-20260601222856-78D324",4,4,"2024-07-01T00:00:00.0000000","2024-07-31T00:00:00.0000000",48994001.0000,30376280.6200,18617720.3800,"Approved","2026-06-01T22:28:56.4736746","2026-06-01T22:28:56.4736746"
20,"SET-20260601222856-04876E",5,5,"2024-07-01T00:00:00.0000000","2024-07-31T00:00:00.0000000",47618817.3500,29999854.9305,17618962.4195,"Approved","2026-06-01T22:28:56.4802375","2026-06-01T22:28:56.4802375"
21,"SET-20260601222856-5D6A64",6,6,"2024-07-01T00:00:00.0000000","2024-07-31T00:00:00.0000000",43174610.2500,27631750.5600,15542859.6900,"Approved","2026-06-01T22:28:56.4847535","2026-06-01T22:28:56.4847535"
22,"SET-20260601222856-8F27E9",7,7,"2024-07-01T00:00:00.0000000","2024-07-31T00:00:00.0000000",54063201.3000,35141080.8450,18922120.4550,"Approved","2026-06-01T22:28:56.4895060","2026-06-01T22:28:56.4895060"
23,"SET-20260601222856-59A0C6",8,8,"2024-07-01T00:00:00.0000000","2024-07-31T00:00:00.0000000",87152614.2500,57520725.4050,29631888.8450,"Approved","2026-06-01T22:28:56.4950375","2026-06-01T22:28:56.4950375"
24,"SET-20260601222856-AAC1AB",9,9,"2024-07-01T00:00:00.0000000","2024-07-31T00:00:00.0000000",58631523.7000,39283120.8790,19348402.8210,"Approved","2026-06-01T22:28:56.4998756","2026-06-01T22:28:56.4998756"
25,"SET-20260601222856-3124F7",10,10,"2024-07-01T00:00:00.0000000","2024-07-31T00:00:00.0000000",91660512.0000,53163096.9600,38497415.0400,"Approved","2026-06-01T22:28:56.5064547","2026-06-01T22:28:56.5064547"
26,"SET-20260601222856-6F39FD",11,11,"2024-07-01T00:00:00.0000000","2024-07-31T00:00:00.0000000",57528044.3000,33941546.1370,23586498.1630,"Approved","2026-06-01T22:28:56.5114689","2026-06-01T22:28:56.5114689"
27,"SET-20260601222856-56C097",12,12,"2024-07-01T00:00:00.0000000","2024-07-31T00:00:00.0000000",74053138.5000,44431883.1000,29621255.4000,"Approved","2026-06-01T22:28:56.5160065","2026-06-01T22:28:56.5160065"
28,"SET-20260601222856-8A7C37",13,13,"2024-07-01T00:00:00.0000000","2024-07-31T00:00:00.0000000",77764672.8000,47436450.4080,30328222.3920,"Approved","2026-06-01T22:28:56.5214539","2026-06-01T22:28:56.5214539"
29,"SET-20260601222856-4FF945",14,14,"2024-07-01T00:00:00.0000000","2024-07-31T00:00:00.0000000",76226944.5000,47260705.5900,28966238.9100,"Approved","2026-06-01T22:28:56.5268551","2026-06-01T22:28:56.5268551"
30,"SET-20260601222856-CE2FFF",15,15,"2024-07-01T00:00:00.0000000","2024-07-31T00:00:00.0000000",102348180.0000,64479353.4000,37868826.6000,"Approved","2026-06-01T22:28:56.5386318","2026-06-01T22:28:56.5386318"
31,"SET-20260601222856-FB6729",1,1,"2024-08-01T00:00:00.0000000","2024-08-31T00:00:00.0000000",66710203.8000,39359020.2420,27351183.5580,"Approved","2026-06-01T22:28:56.5453283","2026-06-01T22:28:56.5453283"
32,"SET-20260601222856-85AF4A",2,2,"2024-08-01T00:00:00.0000000","2024-08-31T00:00:00.0000000",214436817.5000,128662090.5000,85774727.0000,"Approved","2026-06-01T22:28:56.5624800","2026-06-01T22:28:56.5624800"
33,"SET-20260601222856-DE4A5B",3,3,"2024-08-01T00:00:00.0000000","2024-08-31T00:00:00.0000000",222641510.4500,135811321.3745,86830189.0755,"Approved","2026-06-01T22:28:56.5767043","2026-06-01T22:28:56.5767043"
34,"SET-20260601222856-4A937A",4,4,"2024-08-01T00:00:00.0000000","2024-08-31T00:00:00.0000000",49116565.8000,30452270.7960,18664295.0040,"Approved","2026-06-01T22:28:56.5817198","2026-06-01T22:28:56.5817198"
35,"SET-20260601222856-563322",5,5,"2024-08-01T00:00:00.0000000","2024-08-31T00:00:00.0000000",47339206.3000,29823699.9690,17515506.3310,"Approved","2026-06-01T22:28:56.5852569","2026-06-01T22:28:56.5852569"
36,"SET-20260601222856-66AEC4",6,6,"2024-08-01T00:00:00.0000000","2024-08-31T00:00:00.0000000",43236129.0000,27671122.5600,15565006.4400,"Approved","2026-06-01T22:28:56.5897883","2026-06-01T22:28:56.5897883"
37,"SET-20260601222856-91D305",7,7,"2024-08-01T00:00:00.0000000","2024-08-31T00:00:00.0000000",54019563.7500,35112716.4375,18906847.3125,"Approved","2026-06-01T22:28:56.5949973","2026-06-01T22:28:56.5949973"
38,"SET-20260601222856-5E4257",8,8,"2024-08-01T00:00:00.0000000","2024-08-31T00:00:00.0000000",87721028.2500,57895878.6450,29825149.6050,"Approved","2026-06-01T22:28:56.5999969","2026-06-01T22:28:56.5999969"
39,"SET-20260601222856-9FAD61",9,9,"2024-08-01T00:00:00.0000000","2024-08-31T00:00:00.0000000",58862595.1000,39437938.7170,19424656.3830,"Approved","2026-06-01T22:28:56.6039917","2026-06-01T22:28:56.6039917"
40,"SET-20260601222856-4D7785",10,10,"2024-08-01T00:00:00.0000000","2024-08-31T00:00:00.0000000",92133030.7500,53437157.8350,38695872.9150,"Approved","2026-06-01T22:28:56.6085326","2026-06-01T22:28:56.6085326"
41,"SET-20260601222856-4E74D4",11,11,"2024-08-01T00:00:00.0000000","2024-08-31T00:00:00.0000000",57824451.1000,34116426.1490,23708024.9510,"Approved","2026-06-01T22:28:56.6152170","2026-06-01T22:28:56.6152170"
42,"SET-20260601222856-31E913",12,12,"2024-08-01T00:00:00.0000000","2024-08-31T00:00:00.0000000",74382238.0000,44629342.8000,29752895.2000,"Approved","2026-06-01T22:28:56.6209214","2026-06-01T22:28:56.6209214"
43,"SET-20260601222856-C7FA59",13,13,"2024-08-01T00:00:00.0000000","2024-08-31T00:00:00.0000000",77619482.0000,47347884.0200,30271597.9800,"Approved","2026-06-01T22:28:56.6269175","2026-06-01T22:28:56.6269175"
44,"SET-20260601222856-C669EC",14,14,"2024-08-01T00:00:00.0000000","2024-08-31T00:00:00.0000000",76062503.0000,47158751.8600,28903751.1400,"Approved","2026-06-01T22:28:56.6309554","2026-06-01T22:28:56.6309554"
45,"SET-20260601222856-9200B0",15,15,"2024-08-01T00:00:00.0000000","2024-08-31T00:00:00.0000000",102482160.0000,64563760.8000,37918399.2000,"Approved","2026-06-01T22:28:56.6401122","2026-06-01T22:28:56.6401122"
46,"SET-20260601222856-A2C109",1,1,"2024-09-01T00:00:00.0000000","2024-09-30T00:00:00.0000000",66145635.5500,39025924.9745,27119710.5755,"Approved","2026-06-01T22:28:56.6471609","2026-06-01T22:28:56.6471609"
47,"SET-20260601222856-935FD2",2,2,"2024-09-01T00:00:00.0000000","2024-09-30T00:00:00.0000000",214651526.1000,128790915.6600,85860610.4400,"Approved","2026-06-01T22:28:56.6631593","2026-06-01T22:28:56.6631593"
48,"SET-20260601222856-616D35",3,3,"2024-09-01T00:00:00.0000000","2024-09-30T00:00:00.0000000",223376980.7500,136259958.2575,87117022.4925,"Approved","2026-06-01T22:28:56.6792683","2026-06-01T22:28:56.6792683"
49,"SET-20260601222856-F5274B",4,4,"2024-09-01T00:00:00.0000000","2024-09-30T00:00:00.0000000",49086186.5500,30433435.6610,18652750.8890,"Approved","2026-06-01T22:28:56.6833967","2026-06-01T22:28:56.6833967"
50,"SET-20260601222856-58E78A",5,5,"2024-09-01T00:00:00.0000000","2024-09-30T00:00:00.0000000",47778653.0000,30100551.3900,17678101.6100,"Approved","2026-06-01T22:28:56.6874096","2026-06-01T22:28:56.6874096"
51,"SET-20260601222856-8A37D4",6,6,"2024-09-01T00:00:00.0000000","2024-09-30T00:00:00.0000000",42929696.0500,27475005.4720,15454690.5780,"Approved","2026-06-01T22:28:56.6914154","2026-06-01T22:28:56.6914154"
52,"SET-20260601222856-D8EF13",7,7,"2024-09-01T00:00:00.0000000","2024-09-30T00:00:00.0000000",53422258.5500,34724468.0575,18697790.4925,"Approved","2026-06-01T22:28:56.6969767","2026-06-01T22:28:56.6969767"
53,"SET-20260601222856-67B80B",8,8,"2024-09-01T00:00:00.0000000","2024-09-30T00:00:00.0000000",87667383.7500,57860473.2750,29806910.4750,"Approved","2026-06-01T22:28:56.7039999","2026-06-01T22:28:56.7039999"
54,"SET-20260601222856-508753",9,9,"2024-09-01T00:00:00.0000000","2024-09-30T00:00:00.0000000",58522749.6000,39210242.2320,19312507.3680,"Approved","2026-06-01T22:28:56.7109114","2026-06-01T22:28:56.7109114"
55,"SET-20260601222856-B7935D",10,10,"2024-09-01T00:00:00.0000000","2024-09-30T00:00:00.0000000",91612582.7500,53135297.9950,38477284.7550,"Approved","2026-06-01T22:28:56.7200854","2026-06-01T22:28:56.7200854"
56,"SET-20260601222856-36D9BF",11,11,"2024-09-01T00:00:00.0000000","2024-09-30T00:00:00.0000000",57488841.5000,33918416.4850,23570425.0150,"Approved","2026-06-01T22:28:56.7280813","2026-06-01T22:28:56.7280813"
57,"SET-20260601222856-B812F7",12,12,"2024-09-01T00:00:00.0000000","2024-09-30T00:00:00.0000000",74046432.0000,44427859.2000,29618572.8000,"Approved","2026-06-01T22:28:56.7329377","2026-06-01T22:28:56.7329377"
58,"SET-20260601222856-D8BAD9",13,13,"2024-09-01T00:00:00.0000000","2024-09-30T00:00:00.0000000",77469332.0000,47256292.5200,30213039.4800,"Approved","2026-06-01T22:28:56.7387242","2026-06-01T22:28:56.7387242"
59,"SET-20260601222856-F58972",14,14,"2024-09-01T00:00:00.0000000","2024-09-30T00:00:00.0000000",76463700.2500,47407494.1550,29056206.0950,"Approved","2026-06-01T22:28:56.7460520","2026-06-01T22:28:56.7460520"
60,"SET-20260601222856-B0A507",15,15,"2024-09-01T00:00:00.0000000","2024-09-30T00:00:00.0000000",103041552.5000,64916178.0750,38125374.4250,"Approved","2026-06-01T22:28:56.7539303","2026-06-01T22:28:56.7539303"
61,"SET-20260601222856-AF3B9D",1,1,"2024-10-01T00:00:00.0000000","2024-10-31T00:00:00.0000000",66972295.5000,39513654.3450,27458641.1550,"Approved","2026-06-01T22:28:56.7613839","2026-06-01T22:28:56.7613839"
62,"SET-20260601222856-71AEA4",2,2,"2024-10-01T00:00:00.0000000","2024-10-31T00:00:00.0000000",214802661.6500,128881596.9900,85921064.6600,"Approved","2026-06-01T22:28:56.7874936","2026-06-01T22:28:56.7874936"
63,"SET-20260601222856-5DCBC0",3,3,"2024-10-01T00:00:00.0000000","2024-10-31T00:00:00.0000000",222639359.8000,135810009.4780,86829350.3220,"Approved","2026-06-01T22:28:56.8070197","2026-06-01T22:28:56.8070197"
64,"SET-20260601222856-EBC5C9",4,4,"2024-10-01T00:00:00.0000000","2024-10-31T00:00:00.0000000",49295189.2000,30563017.3040,18732171.8960,"Approved","2026-06-01T22:28:56.8120640","2026-06-01T22:28:56.8120640"
65,"SET-20260601222856-C02C71",5,5,"2024-10-01T00:00:00.0000000","2024-10-31T00:00:00.0000000",47470822.3000,29906618.0490,17564204.2510,"Approved","2026-06-01T22:28:56.8168089","2026-06-01T22:28:56.8168089"
66,"SET-20260601222856-04A895",6,6,"2024-10-01T00:00:00.0000000","2024-10-31T00:00:00.0000000",42962604.0500,27496066.5920,15466537.4580,"Approved","2026-06-01T22:28:56.8217578","2026-06-01T22:28:56.8217578"
67,"SET-20260601222856-80E116",7,7,"2024-10-01T00:00:00.0000000","2024-10-31T00:00:00.0000000",53958862.1000,35073260.3650,18885601.7350,"Approved","2026-06-01T22:28:56.8278454","2026-06-01T22:28:56.8278454"
68,"SET-20260601222856-5CEC28",8,8,"2024-10-01T00:00:00.0000000","2024-10-31T00:00:00.0000000",86772276.0000,57269702.1600,29502573.8400,"Approved","2026-06-01T22:28:56.8344431","2026-06-01T22:28:56.8344431"
69,"SET-20260601222856-B2BE07",9,9,"2024-10-01T00:00:00.0000000","2024-10-31T00:00:00.0000000",57907789.5000,38798218.9650,19109570.5350,"Approved","2026-06-01T22:28:56.8417571","2026-06-01T22:28:56.8417571"
70,"SET-20260601222856-ABE8B2",10,10,"2024-10-01T00:00:00.0000000","2024-10-31T00:00:00.0000000",91743039.0000,53210962.6200,38532076.3800,"Approved","2026-06-01T22:28:56.8491470","2026-06-01T22:28:56.8491470"
71,"SET-20260601222856-0300ED",11,11,"2024-10-01T00:00:00.0000000","2024-10-31T00:00:00.0000000",57429581.0000,33883452.7900,23546128.2100,"Approved","2026-06-01T22:28:56.8556807","2026-06-01T22:28:56.8556807"
72,"SET-20260601222856-3CB232",12,12,"2024-10-01T00:00:00.0000000","2024-10-31T00:00:00.0000000",74532304.7500,44719382.8500,29812921.9000,"Approved","2026-06-01T22:28:56.8602923","2026-06-01T22:28:56.8602923"
73,"SET-20260601222856-CB33E0",13,13,"2024-10-01T00:00:00.0000000","2024-10-31T00:00:00.0000000",77622219.8000,47349554.0780,30272665.7220,"Approved","2026-06-01T22:28:56.8672326","2026-06-01T22:28:56.8672326"
74,"SET-20260601222856-569BCE",14,14,"2024-10-01T00:00:00.0000000","2024-10-31T00:00:00.0000000",76572192.5000,47474759.3500,29097433.1500,"Approved","2026-06-01T22:28:56.8724180","2026-06-01T22:28:56.8724180"
75,"SET-20260601222856-BAE0B6",15,15,"2024-10-01T00:00:00.0000000","2024-10-31T00:00:00.0000000",103259155.0000,65053267.6500,38205887.3500,"Approved","2026-06-01T22:28:56.8827027","2026-06-01T22:28:56.8827027"
76,"SET-20260601222856-8C6572",1,1,"2024-11-01T00:00:00.0000000","2024-11-30T00:00:00.0000000",66872389.5000,39454709.8050,27417679.6950,"Approved","2026-06-01T22:28:56.8873330","2026-06-01T22:28:56.8873330"
77,"SET-20260601222856-2D6DC9",2,2,"2024-11-01T00:00:00.0000000","2024-11-30T00:00:00.0000000",214818477.0500,128891086.2300,85927390.8200,"Approved","2026-06-01T22:28:56.9076990","2026-06-01T22:28:56.9076990"
78,"SET-20260601222856-9C4905",3,3,"2024-11-01T00:00:00.0000000","2024-11-30T00:00:00.0000000",222365883.9000,135643189.1790,86722694.7210,"Approved","2026-06-01T22:28:56.9251819","2026-06-01T22:28:56.9251819"
79,"SET-20260601222856-07B5B8",4,4,"2024-11-01T00:00:00.0000000","2024-11-30T00:00:00.0000000",48912440.0500,30325712.8310,18586727.2190,"Approved","2026-06-01T22:28:56.9337757","2026-06-01T22:28:56.9337757"
80,"SET-20260601222856-C0818B",5,5,"2024-11-01T00:00:00.0000000","2024-11-30T00:00:00.0000000",47828225.8500,30131782.2855,17696443.5645,"Approved","2026-06-01T22:28:56.9403559","2026-06-01T22:28:56.9403559"
81,"SET-20260601222856-139FBB",6,6,"2024-11-01T00:00:00.0000000","2024-11-30T00:00:00.0000000",43003023.4500,27521935.0080,15481088.4420,"Approved","2026-06-01T22:28:56.9454755","2026-06-01T22:28:56.9454755"
82,"SET-20260601222856-E05338",7,7,"2024-11-01T00:00:00.0000000","2024-11-30T00:00:00.0000000",54314645.0500,35304519.2825,19010125.7675,"Approved","2026-06-01T22:28:56.9507351","2026-06-01T22:28:56.9507351"
83,"SET-20260601222856-400548",8,8,"2024-11-01T00:00:00.0000000","2024-11-30T00:00:00.0000000",86988794.7500,57412604.5350,29576190.2150,"Approved","2026-06-01T22:28:56.9589409","2026-06-01T22:28:56.9589409"
84,"SET-20260601222856-BDEB1A",9,9,"2024-11-01T00:00:00.0000000","2024-11-30T00:00:00.0000000",58694118.5000,39325059.3950,19369059.1050,"Approved","2026-06-01T22:28:56.9658117","2026-06-01T22:28:56.9658117"
85,"SET-20260601222856-BABCEA",10,10,"2024-11-01T00:00:00.0000000","2024-11-30T00:00:00.0000000",91833142.5000,53263222.6500,38569919.8500,"Approved","2026-06-01T22:28:56.9755657","2026-06-01T22:28:56.9755657"
86,"SET-20260601222856-44A7C8",11,11,"2024-11-01T00:00:00.0000000","2024-11-30T00:00:00.0000000",57053082.1000,33661318.4390,23391763.6610,"Approved","2026-06-01T22:28:56.9811071","2026-06-01T22:28:56.9811071"
87,"SET-20260601222856-B2573C",12,12,"2024-11-01T00:00:00.0000000","2024-11-30T00:00:00.0000000",74331276.5000,44598765.9000,29732510.6000,"Approved","2026-06-01T22:28:56.9863627","2026-06-01T22:28:56.9863627"
88,"SET-20260601222856-4F740A",13,13,"2024-11-01T00:00:00.0000000","2024-11-30T00:00:00.0000000",77797215.8000,47456301.6380,30340914.1620,"Approved","2026-06-01T22:28:56.9941210","2026-06-01T22:28:56.9941210"
89,"SET-20260601222857-7D74E7",14,14,"2024-11-01T00:00:00.0000000","2024-11-30T00:00:00.0000000",76354804.0000,47339978.4800,29014825.5200,"Approved","2026-06-01T22:28:57.0000902","2026-06-01T22:28:57.0000902"
90,"SET-20260601222857-874AEC",15,15,"2024-11-01T00:00:00.0000000","2024-11-30T00:00:00.0000000",102855600.0000,64799028.0000,38056572.0000,"Approved","2026-06-01T22:28:57.0100826","2026-06-01T22:28:57.0100826"
91,"SET-20260601222857-4BF026",1,1,"2024-12-01T00:00:00.0000000","2024-12-31T00:00:00.0000000",66747493.3000,39381021.0470,27366472.2530,"Approved","2026-06-01T22:28:57.0175864","2026-06-01T22:28:57.0175864"
92,"SET-20260601222857-9F95A7",2,2,"2024-12-01T00:00:00.0000000","2024-12-31T00:00:00.0000000",214696597.8000,128817958.6800,85878639.1200,"Approved","2026-06-01T22:28:57.0344017","2026-06-01T22:28:57.0344017"
93,"SET-20260601222857-D4D83A",3,3,"2024-12-01T00:00:00.0000000","2024-12-31T00:00:00.0000000",223125587.4000,136106608.3140,87018979.0860,"Approved","2026-06-01T22:28:57.0541014","2026-06-01T22:28:57.0541014"
94,"SET-20260601222857-312562",4,4,"2024-12-01T00:00:00.0000000","2024-12-31T00:00:00.0000000",48972998.0500,30363258.7910,18609739.2590,"Approved","2026-06-01T22:28:57.0593037","2026-06-01T22:28:57.0593037"
95,"SET-20260601222857-F50FBC",5,5,"2024-12-01T00:00:00.0000000","2024-12-31T00:00:00.0000000",47639526.5500,30012901.7265,17626624.8235,"Approved","2026-06-01T22:28:57.0648167","2026-06-01T22:28:57.0648167"
96,"SET-20260601222857-C55B13",6,6,"2024-12-01T00:00:00.0000000","2024-12-31T00:00:00.0000000",43195433.3000,27645077.3120,15550355.9880,"Approved","2026-06-01T22:28:57.0678441","2026-06-01T22:28:57.0678441"
97,"SET-20260601222857-9A57F1",7,7,"2024-12-01T00:00:00.0000000","2024-12-31T00:00:00.0000000",53759712.7000,34943813.2550,18815899.4450,"Approved","2026-06-01T22:28:57.0729179","2026-06-01T22:28:57.0729179"
98,"SET-20260601222857-D9A554",8,8,"2024-12-01T00:00:00.0000000","2024-12-31T00:00:00.0000000",87888646.2500,58006506.5250,29882139.7250,"Approved","2026-06-01T22:28:57.0779207","2026-06-01T22:28:57.0779207"
99,"SET-20260601222857-7A7D7A",9,9,"2024-12-01T00:00:00.0000000","2024-12-31T00:00:00.0000000",58810699.1000,39403168.3970,19407530.7030,"Approved","2026-06-01T22:28:57.0824651","2026-06-01T22:28:57.0824651"
100,"SET-20260601222857-BB9D5F",10,10,"2024-12-01T00:00:00.0000000","2024-12-31T00:00:00.0000000",91915751.5000,53311135.8700,38604615.6300,"Approved","2026-06-01T22:28:57.0890007","2026-06-01T22:28:57.0890007"
101,"SET-20260601222857-A6F5E6",11,11,"2024-12-01T00:00:00.0000000","2024-12-31T00:00:00.0000000",57582477.3000,33973661.6070,23608815.6930,"Approved","2026-06-01T22:28:57.0940036","2026-06-01T22:28:57.0940036"
102,"SET-20260601222857-A75258",12,12,"2024-12-01T00:00:00.0000000","2024-12-31T00:00:00.0000000",74569724.2500,44741834.5500,29827889.7000,"Approved","2026-06-01T22:28:57.0981758","2026-06-01T22:28:57.0981758"
103,"SET-20260601222857-D42CD6",13,13,"2024-12-01T00:00:00.0000000","2024-12-31T00:00:00.0000000",77367549.0000,47194204.8900,30173344.1100,"Approved","2026-06-01T22:28:57.1047105","2026-06-01T22:28:57.1047105"
104,"SET-20260601222857-F1A2D9",14,14,"2024-12-01T00:00:00.0000000","2024-12-31T00:00:00.0000000",76271609.2500,47288397.7350,28983211.5150,"Approved","2026-06-01T22:28:57.1104350","2026-06-01T22:28:57.1104350"
105,"SET-20260601222857-251611",15,15,"2024-12-01T00:00:00.0000000","2024-12-31T00:00:00.0000000",102660300.0000,64675989.0000,37984311.0000,"Approved","2026-06-01T22:28:57.1184124","2026-06-01T22:28:57.1184124"
106,"SET-20260601222857-CA0DB2",1,1,"2025-01-01T00:00:00.0000000","2025-01-31T00:00:00.0000000",66646299.8000,39321316.8820,27324982.9180,"Approved","2026-06-01T22:28:57.1251545","2026-06-01T22:28:57.1251545"
107,"SET-20260601222857-26503C",2,2,"2025-01-01T00:00:00.0000000","2025-01-31T00:00:00.0000000",214935735.4000,128961441.2400,85974294.1600,"Approved","2026-06-01T22:28:57.1445602","2026-06-01T22:28:57.1445602"
108,"SET-20260601222857-248724",3,3,"2025-01-01T00:00:00.0000000","2025-01-31T00:00:00.0000000",223060709.7500,136067032.9475,86993676.8025,"Approved","2026-06-01T22:28:57.1639700","2026-06-01T22:28:57.1639700"
109,"SET-20260601222857-603A8D",4,4,"2025-01-01T00:00:00.0000000","2025-01-31T00:00:00.0000000",49078416.5000,30428618.2300,18649798.2700,"Approved","2026-06-01T22:28:57.1679714","2026-06-01T22:28:57.1679714"
110,"SET-20260601222857-336760",5,5,"2025-01-01T00:00:00.0000000","2025-01-31T00:00:00.0000000",47816710.4500,30124527.5835,17692182.8665,"Approved","2026-06-01T22:28:57.1750527","2026-06-01T22:28:57.1750527"
111,"SET-20260601222857-090007",6,6,"2025-01-01T00:00:00.0000000","2025-01-31T00:00:00.0000000",42908616.0500,27461514.2720,15447101.7780,"Approved","2026-06-01T22:28:57.1782552","2026-06-01T22:28:57.1782552"
112,"SET-20260601222857-EA3F45",7,7,"2025-01-01T00:00:00.0000000","2025-01-31T00:00:00.0000000",53845289.1000,34999437.9150,18845851.1850,"Approved","2026-06-01T22:28:57.1830057","2026-06-01T22:28:57.1830057"
113,"SET-20260601222857-CF5B33",8,8,"2025-01-01T00:00:00.0000000","2025-01-31T00:00:00.0000000",87507029.5000,57754639.4700,29752390.0300,"Approved","2026-06-01T22:28:57.1899692","2026-06-01T22:28:57.1899692"
114,"SET-20260601222857-1ADB2E",9,9,"2025-01-01T00:00:00.0000000","2025-01-31T00:00:00.0000000",58654622.6000,39298597.1420,19356025.4580,"Approved","2026-06-01T22:28:57.1949967","2026-06-01T22:28:57.1949967"
115,"SET-20260601222857-CDCDBD",10,10,"2025-01-01T00:00:00.0000000","2025-01-31T00:00:00.0000000",92078031.5000,53405258.2700,38672773.2300,"Approved","2026-06-01T22:28:57.2009969","2026-06-01T22:28:57.2009969"
116,"SET-20260601222857-5FF965",11,11,"2025-01-01T00:00:00.0000000","2025-01-31T00:00:00.0000000",57565199.5000,33963467.7050,23601731.7950,"Approved","2026-06-01T22:28:57.2098042","2026-06-01T22:28:57.2098042"
117,"SET-20260601222857-2A3B7E",12,12,"2025-01-01T00:00:00.0000000","2025-01-31T00:00:00.0000000",74297647.7500,44578588.6500,29719059.1000,"Approved","2026-06-01T22:28:57.2138017","2026-06-01T22:28:57.2138017"
118,"SET-20260601222857-FD75DD",13,13,"2025-01-01T00:00:00.0000000","2025-01-31T00:00:00.0000000",77096511.5000,47028872.0150,30067639.4850,"Approved","2026-06-01T22:28:57.2226549","2026-06-01T22:28:57.2226549"
119,"SET-20260601222857-CAFA0D",14,14,"2025-01-01T00:00:00.0000000","2025-01-31T00:00:00.0000000",76437458.2500,47391224.1150,29046234.1350,"Approved","2026-06-01T22:28:57.2276540","2026-06-01T22:28:57.2276540"
120,"SET-20260601222857-89D383",15,15,"2025-01-01T00:00:00.0000000","2025-01-31T00:00:00.0000000",102417320.0000,64522911.6000,37894408.4000,"Approved","2026-06-01T22:28:57.2346952","2026-06-01T22:28:57.2346952"
121,"SET-20260601222857-1DFF6C",1,1,"2025-02-01T00:00:00.0000000","2025-02-28T00:00:00.0000000",66996649.5000,39528023.2050,27468626.2950,"Approved","2026-06-01T22:28:57.2397289","2026-06-01T22:28:57.2397289"
122,"SET-20260601222857-290036",2,2,"2025-02-01T00:00:00.0000000","2025-02-28T00:00:00.0000000",214466945.1000,128680167.0600,85786778.0400,"Approved","2026-06-01T22:28:57.2573078","2026-06-01T22:28:57.2573078"
123,"SET-20260601222857-901EE0",3,3,"2025-02-01T00:00:00.0000000","2025-02-28T00:00:00.0000000",223157393.0500,136126009.7605,87031383.2895,"Approved","2026-06-01T22:28:57.2742166","2026-06-01T22:28:57.2742166"
124,"SET-20260601222857-B51FA9",4,4,"2025-02-01T00:00:00.0000000","2025-02-28T00:00:00.0000000",49262058.2500,30542476.1150,18719582.1350,"Approved","2026-06-01T22:28:57.2788434","2026-06-01T22:28:57.2788434"
125,"SET-20260601222857-83EB22",5,5,"2025-02-01T00:00:00.0000000","2025-02-28T00:00:00.0000000",47577342.1000,29973725.5230,17603616.5770,"Approved","2026-06-01T22:28:57.2852219","2026-06-01T22:28:57.2852219"
126,"SET-20260601222857-0E3E3A",6,6,"2025-02-01T00:00:00.0000000","2025-02-28T00:00:00.0000000",42967861.7500,27499431.5200,15468430.2300,"Approved","2026-06-01T22:28:57.2892623","2026-06-01T22:28:57.2892623"
127,"SET-20260601222857-1ADB26",7,7,"2025-02-01T00:00:00.0000000","2025-02-28T00:00:00.0000000",53977833.1000,35085591.5150,18892241.5850,"Approved","2026-06-01T22:28:57.2942601","2026-06-01T22:28:57.2942601"
128,"SET-20260601222857-F4E2C8",8,8,"2025-02-01T00:00:00.0000000","2025-02-28T00:00:00.0000000",87023345.5000,57435408.0300,29587937.4700,"Approved","2026-06-01T22:28:57.3009155","2026-06-01T22:28:57.3009155"
129,"SET-20260601222857-22EF42",9,9,"2025-02-01T00:00:00.0000000","2025-02-28T00:00:00.0000000",58258595.2000,39033258.7840,19225336.4160,"Approved","2026-06-01T22:28:57.3070098","2026-06-01T22:28:57.3070098"
130,"SET-20260601222857-67C74E",10,10,"2025-02-01T00:00:00.0000000","2025-02-28T00:00:00.0000000",91676719.5000,53172497.3100,38504222.1900,"Approved","2026-06-01T22:28:57.3131356","2026-06-01T22:28:57.3131356"
131,"SET-20260601222857-C990A3",11,11,"2025-02-01T00:00:00.0000000","2025-02-28T00:00:00.0000000",57195391.8000,33745281.1620,23450110.6380,"Approved","2026-06-01T22:28:57.3205957","2026-06-01T22:28:57.3205957"
132,"SET-20260601222857-138A65",12,12,"2025-02-01T00:00:00.0000000","2025-02-28T00:00:00.0000000",74384933.5000,44630960.1000,29753973.4000,"Approved","2026-06-01T22:28:57.3241078","2026-06-01T22:28:57.3241078"
133,"SET-20260601222857-FB2AED",13,13,"2025-02-01T00:00:00.0000000","2025-02-28T00:00:00.0000000",77720135.3000,47409282.5330,30310852.7670,"Approved","2026-06-01T22:28:57.3306548","2026-06-01T22:28:57.3306548"
134,"SET-20260601222857-2406D9",14,14,"2025-02-01T00:00:00.0000000","2025-02-28T00:00:00.0000000",76494296.2500,47426463.6750,29067832.5750,"Approved","2026-06-01T22:28:57.3361908","2026-06-01T22:28:57.3361908"
135,"SET-20260601222857-9BD841",15,15,"2025-02-01T00:00:00.0000000","2025-02-28T00:00:00.0000000",103024650.0000,64905529.5000,38119120.5000,"Approved","2026-06-01T22:28:57.3441681","2026-06-01T22:28:57.3441681"
136,"SET-20260601222857-6B61BB",1,1,"2025-03-01T00:00:00.0000000","2025-03-31T00:00:00.0000000",66868436.7500,39452377.6825,27416059.0675,"Approved","2026-06-01T22:28:57.3501681","2026-06-01T22:28:57.3501681"
137,"SET-20260601222857-3DD30F",2,2,"2025-03-01T00:00:00.0000000","2025-03-31T00:00:00.0000000",214363982.5500,128618389.5300,85745593.0200,"Approved","2026-06-01T22:28:57.3672674","2026-06-01T22:28:57.3672674"
138,"SET-20260601222857-75ACE3",3,3,"2025-03-01T00:00:00.0000000","2025-03-31T00:00:00.0000000",222108398.4500,135486123.0545,86622275.3955,"Approved","2026-06-01T22:28:57.3844202","2026-06-01T22:28:57.3844202"
139,"SET-20260601222857-8C10C5",4,4,"2025-03-01T00:00:00.0000000","2025-03-31T00:00:00.0000000",48849397.5500,30286626.4810,18562771.0690,"Approved","2026-06-01T22:28:57.3920534","2026-06-01T22:28:57.3920534"
140,"SET-20260601222857-491AF8",5,5,"2025-03-01T00:00:00.0000000","2025-03-31T00:00:00.0000000",47737965.3500,30074918.1705,17663047.1795,"Approved","2026-06-01T22:28:57.4008975","2026-06-01T22:28:57.4008975"
141,"SET-20260601222857-D727D2",6,6,"2025-03-01T00:00:00.0000000","2025-03-31T00:00:00.0000000",43259765.7500,27686250.0800,15573515.6700,"Approved","2026-06-01T22:28:57.4071551","2026-06-01T22:28:57.4071551"
142,"SET-20260601222857-8B2FF5",7,7,"2025-03-01T00:00:00.0000000","2025-03-31T00:00:00.0000000",54352655.9500,35329226.3675,19023429.5825,"Approved","2026-06-01T22:28:57.4111532","2026-06-01T22:28:57.4111532"
143,"SET-20260601222857-D7C41D",8,8,"2025-03-01T00:00:00.0000000","2025-03-31T00:00:00.0000000",87421655.2500,57698292.4650,29723362.7850,"Approved","2026-06-01T22:28:57.4178709","2026-06-01T22:28:57.4178709"
144,"SET-20260601222857-ADCFC2",9,9,"2025-03-01T00:00:00.0000000","2025-03-31T00:00:00.0000000",58324848.3000,39077648.3610,19247199.9390,"Approved","2026-06-01T22:28:57.4238796","2026-06-01T22:28:57.4238796"
145,"SET-20260601222857-6721FF",10,10,"2025-03-01T00:00:00.0000000","2025-03-31T00:00:00.0000000",92066450.0000,53398541.0000,38667909.0000,"Approved","2026-06-01T22:28:57.4322183","2026-06-01T22:28:57.4322183"
146,"SET-20260601222857-8F75CC",11,11,"2025-03-01T00:00:00.0000000","2025-03-31T00:00:00.0000000",57204990.1000,33750944.1590,23454045.9410,"Approved","2026-06-01T22:28:57.4374469","2026-06-01T22:28:57.4374469"
147,"SET-20260601222857-F825EF",12,12,"2025-03-01T00:00:00.0000000","2025-03-31T00:00:00.0000000",74266960.7500,44560176.4500,29706784.3000,"Approved","2026-06-01T22:28:57.4424682","2026-06-01T22:28:57.4424682"
148,"SET-20260601222857-2B3E2E",13,13,"2025-03-01T00:00:00.0000000","2025-03-31T00:00:00.0000000",77720235.8000,47409343.8380,30310891.9620,"Approved","2026-06-01T22:28:57.4510557","2026-06-01T22:28:57.4510557"
149,"SET-20260601222857-7CD1A3",14,14,"2025-03-01T00:00:00.0000000","2025-03-31T00:00:00.0000000",76263133.5000,47283142.7700,28979990.7300,"Approved","2026-06-01T22:28:57.4569804","2026-06-01T22:28:57.4569804"
150,"SET-20260601222857-8460FD",15,15,"2025-03-01T00:00:00.0000000","2025-03-31T00:00:00.0000000",102996912.5000,64888054.8750,38108857.6250,"Approved","2026-06-01T22:28:57.4669342","2026-06-01T22:28:57.4669342"
151,"SET-20260601222857-5027B8",1,1,"2025-04-01T00:00:00.0000000","2025-04-30T00:00:00.0000000",66643993.8000,39319956.3420,27324037.4580,"Approved","2026-06-01T22:28:57.4725076","2026-06-01T22:28:57.4725076"
152,"SET-20260601222857-A11C1C",2,2,"2025-04-01T00:00:00.0000000","2025-04-30T00:00:00.0000000",215057427.3500,129034456.4100,86022970.9400,"Approved","2026-06-01T22:28:57.4851978","2026-06-01T22:28:57.4851978"
153,"SET-20260601222857-9718ED",3,3,"2025-04-01T00:00:00.0000000","2025-04-30T00:00:00.0000000",223524087.8500,136349693.5885,87174394.2615,"Approved","2026-06-01T22:28:57.5005188","2026-06-01T22:28:57.5005188"
154,"SET-20260601222857-B0235D",4,4,"2025-04-01T00:00:00.0000000","2025-04-30T00:00:00.0000000",49207023.0500,30508354.2910,18698668.7590,"Approved","2026-06-01T22:28:57.5054160","2026-06-01T22:28:57.5054160"
155,"SET-20260601222857-FA6FBB",5,5,"2025-04-01T00:00:00.0000000","2025-04-30T00:00:00.0000000",47538587.4500,29949310.0935,17589277.3565,"Approved","2026-06-01T22:28:57.5114360","2026-06-01T22:28:57.5114360"
156,"SET-20260601222857-5D34D6",6,6,"2025-04-01T00:00:00.0000000","2025-04-30T00:00:00.0000000",42787120.8000,27383757.3120,15403363.4880,"Approved","2026-06-01T22:28:57.5149813","2026-06-01T22:28:57.5149813"
157,"SET-20260601222857-A1A5A4",7,7,"2025-04-01T00:00:00.0000000","2025-04-30T00:00:00.0000000",53745717.5500,34934716.4075,18811001.1425,"Approved","2026-06-01T22:28:57.5203973","2026-06-01T22:28:57.5203973"
158,"SET-20260601222857-B06B2A",8,8,"2025-04-01T00:00:00.0000000","2025-04-30T00:00:00.0000000",87483620.0000,57739189.2000,29744430.8000,"Approved","2026-06-01T22:28:57.5264395","2026-06-01T22:28:57.5264395"
159,"SET-20260601222857-8DC8E9",9,9,"2025-04-01T00:00:00.0000000","2025-04-30T00:00:00.0000000",58849545.6000,39429195.5520,19420350.0480,"Approved","2026-06-01T22:28:57.5304770","2026-06-01T22:28:57.5304770"
160,"SET-20260601222857-47D226",10,10,"2025-04-01T00:00:00.0000000","2025-04-30T00:00:00.0000000",91579809.7500,53116289.6550,38463520.0950,"Approved","2026-06-01T22:28:57.5373964","2026-06-01T22:28:57.5373964"
161,"SET-20260601222857-A0AB74",11,11,"2025-04-01T00:00:00.0000000","2025-04-30T00:00:00.0000000",57861476.6000,34138271.1940,23723205.4060,"Approved","2026-06-01T22:28:57.5426851","2026-06-01T22:28:57.5426851"
162,"SET-20260601222857-8CC0D6",12,12,"2025-04-01T00:00:00.0000000","2025-04-30T00:00:00.0000000",74532221.7500,44719333.0500,29812888.7000,"Approved","2026-06-01T22:28:57.5494358","2026-06-01T22:28:57.5494358"
163,"SET-20260601222857-B338F6",13,13,"2025-04-01T00:00:00.0000000","2025-04-30T00:00:00.0000000",77423012.7000,47228037.7470,30194974.9530,"Approved","2026-06-01T22:28:57.5550177","2026-06-01T22:28:57.5550177"
164,"SET-20260601222857-3154AE",14,14,"2025-04-01T00:00:00.0000000","2025-04-30T00:00:00.0000000",76371252.2500,47350176.3950,29021075.8550,"Approved","2026-06-01T22:28:57.5600323","2026-06-01T22:28:57.5600323"
165,"SET-20260601222857-A2D573",15,15,"2025-04-01T00:00:00.0000000","2025-04-30T00:00:00.0000000",102684175.0000,64691030.2500,37993144.7500,"Approved","2026-06-01T22:28:57.5651321","2026-06-01T22:28:57.5651321"
166,"SET-20260601222857-3117F3",1,1,"2025-05-01T00:00:00.0000000","2025-05-31T00:00:00.0000000",66677816.5500,39339911.7645,27337904.7855,"Approved","2026-06-01T22:28:57.5715698","2026-06-01T22:28:57.5715698"
167,"SET-20260601222857-A5BB15",2,2,"2025-05-01T00:00:00.0000000","2025-05-31T00:00:00.0000000",215166937.3500,129100162.4100,86066774.9400,"Approved","2026-06-01T22:28:57.5892192","2026-06-01T22:28:57.5892192"
168,"SET-20260601222857-136193",3,3,"2025-05-01T00:00:00.0000000","2025-05-31T00:00:00.0000000",222876730.7000,135954805.7270,86921924.9730,"Approved","2026-06-01T22:28:57.6049009","2026-06-01T22:28:57.6049009"
169,"SET-20260601222857-68C258",4,4,"2025-05-01T00:00:00.0000000","2025-05-31T00:00:00.0000000",49123664.0000,30456671.6800,18666992.3200,"Approved","2026-06-01T22:28:57.6106635","2026-06-01T22:28:57.6106635"
170,"SET-20260601222857-9BF491",5,5,"2025-05-01T00:00:00.0000000","2025-05-31T00:00:00.0000000",47518373.3000,29936575.1790,17581798.1210,"Approved","2026-06-01T22:28:57.6173524","2026-06-01T22:28:57.6173524"
171,"SET-20260601222857-037953",6,6,"2025-05-01T00:00:00.0000000","2025-05-31T00:00:00.0000000",42852392.5500,27425531.2320,15426861.3180,"Approved","2026-06-01T22:28:57.6203536","2026-06-01T22:28:57.6203536"
172,"SET-20260601222857-BF16A2",7,7,"2025-05-01T00:00:00.0000000","2025-05-31T00:00:00.0000000",53637126.8500,34864132.4525,18772994.3975,"Approved","2026-06-01T22:28:57.6250921","2026-06-01T22:28:57.6250921"
173,"SET-20260601222857-91A6F7",8,8,"2025-05-01T00:00:00.0000000","2025-05-31T00:00:00.0000000",87604869.0000,57819213.5400,29785655.4600,"Approved","2026-06-01T22:28:57.6313012","2026-06-01T22:28:57.6313012"
174,"SET-20260601222857-D8B8B4",9,9,"2025-05-01T00:00:00.0000000","2025-05-31T00:00:00.0000000",58585173.3000,39252066.1110,19333107.1890,"Approved","2026-06-01T22:28:57.6368328","2026-06-01T22:28:57.6368328"
175,"SET-20260601222857-234DA8",10,10,"2025-05-01T00:00:00.0000000","2025-05-31T00:00:00.0000000",92312185.7500,53541067.7350,38771118.0150,"Approved","2026-06-01T22:28:57.6429733","2026-06-01T22:28:57.6429733"
176,"SET-20260601222857-AC449E",11,11,"2025-05-01T00:00:00.0000000","2025-05-31T00:00:00.0000000",57495518.0000,33922355.6200,23573162.3800,"Approved","2026-06-01T22:28:57.6493459","2026-06-01T22:28:57.6493459"
177,"SET-20260601222857-210371",12,12,"2025-05-01T00:00:00.0000000","2025-05-31T00:00:00.0000000",74395863.5000,44637518.1000,29758345.4000,"Approved","2026-06-01T22:28:57.6568748","2026-06-01T22:28:57.6568748"
178,"SET-20260601222857-F44EB1",13,13,"2025-05-01T00:00:00.0000000","2025-05-31T00:00:00.0000000",77332407.8000,47172768.7580,30159639.0420,"Approved","2026-06-01T22:28:57.6644058","2026-06-01T22:28:57.6644058"
179,"SET-20260601222857-E555BA",14,14,"2025-05-01T00:00:00.0000000","2025-05-31T00:00:00.0000000",76551913.7500,47462186.5250,29089727.2250,"Approved","2026-06-01T22:28:57.6700726","2026-06-01T22:28:57.6700726"
180,"SET-20260601222857-74E8B2",15,15,"2025-05-01T00:00:00.0000000","2025-05-31T00:00:00.0000000",102869792.5000,64807969.2750,38061823.2250,"Approved","2026-06-01T22:28:57.6774680","2026-06-01T22:28:57.6774680"
181,"SET-20260601222857-4AB46D",1,1,"2025-06-01T00:00:00.0000000","2025-06-30T00:00:00.0000000",74445957.7000,43923115.0430,30522842.6570,"Approved","2026-06-01T22:28:57.6829749","2026-06-01T22:28:57.6829749"
182,"SET-20260601222857-0EB196",2,2,"2025-06-01T00:00:00.0000000","2025-06-30T00:00:00.0000000",237909224.6500,142745534.7900,95163689.8600,"Approved","2026-06-01T22:28:57.7000643","2026-06-01T22:28:57.7000643"
183,"SET-20260601222857-A75F67",3,3,"2025-06-01T00:00:00.0000000","2025-06-30T00:00:00.0000000",246904906.7000,150611993.0870,96292913.6130,"Approved","2026-06-01T22:28:57.7182036","2026-06-01T22:28:57.7182036"
184,"SET-20260601222857-F9CF2D",4,4,"2025-06-01T00:00:00.0000000","2025-06-30T00:00:00.0000000",54104878.2500,33545024.5150,20559853.7350,"Approved","2026-06-01T22:28:57.7232100","2026-06-01T22:28:57.7232100"
185,"SET-20260601222857-49D153",5,5,"2025-06-01T00:00:00.0000000","2025-06-30T00:00:00.0000000",52906370.3500,33331013.3205,19575357.0295,"Approved","2026-06-01T22:28:57.7293605","2026-06-01T22:28:57.7293605"
186,"SET-20260601222857-7E5A05",6,6,"2025-06-01T00:00:00.0000000","2025-06-30T00:00:00.0000000",47653173.0000,30498030.7200,17155142.2800,"Approved","2026-06-01T22:28:57.7338280","2026-06-01T22:28:57.7338280"
187,"SET-20260601222857-F95880",7,7,"2025-06-01T00:00:00.0000000","2025-06-30T00:00:00.0000000",59903829.0500,38937488.8825,20966340.1675,"Approved","2026-06-01T22:28:57.7388342","2026-06-01T22:28:57.7388342"
188,"SET-20260601222857-EAD84A",8,8,"2025-06-01T00:00:00.0000000","2025-06-30T00:00:00.0000000",96913659.2500,63963015.1050,32950644.1450,"Approved","2026-06-01T22:28:57.7450585","2026-06-01T22:28:57.7450585"
189,"SET-20260601222857-0F3C90",9,9,"2025-06-01T00:00:00.0000000","2025-06-30T00:00:00.0000000",64767563.7000,43394267.6790,21373296.0210,"Approved","2026-06-01T22:28:57.7501469","2026-06-01T22:28:57.7501469"
190,"SET-20260601222857-852A1B",10,10,"2025-06-01T00:00:00.0000000","2025-06-30T00:00:00.0000000",101976324.5000,59146268.2100,42830056.2900,"Approved","2026-06-01T22:28:57.7572819","2026-06-01T22:28:57.7572819"
191,"SET-20260601222857-02FD47",11,11,"2025-06-01T00:00:00.0000000","2025-06-30T00:00:00.0000000",63600910.3000,37524537.0770,26076373.2230,"Approved","2026-06-01T22:28:57.7630025","2026-06-01T22:28:57.7630025"
192,"SET-20260601222857-681CEF",12,12,"2025-06-01T00:00:00.0000000","2025-06-30T00:00:00.0000000",82699102.2500,49619461.3500,33079640.9000,"Approved","2026-06-01T22:28:57.7698348","2026-06-01T22:28:57.7698348"
193,"SET-20260601222857-70BCAE",13,13,"2025-06-01T00:00:00.0000000","2025-06-30T00:00:00.0000000",86422727.3000,52717863.6530,33704863.6470,"Approved","2026-06-01T22:28:57.7773870","2026-06-01T22:28:57.7773870"
194,"SET-20260601222857-ABB42A",14,14,"2025-06-01T00:00:00.0000000","2025-06-30T00:00:00.0000000",84968082.0000,52680210.8400,32287871.1600,"Approved","2026-06-01T22:28:57.7875136","2026-06-01T22:28:57.7875136"
195,"SET-20260601222857-C82E0D",15,15,"2025-06-01T00:00:00.0000000","2025-06-30T00:00:00.0000000",114299072.5000,72008415.6750,42290656.8250,"Approved","2026-06-01T22:28:57.7993639","2026-06-01T22:28:57.7993639"
196,"SET-20260601222857-72F377",1,1,"2025-07-01T00:00:00.0000000","2025-07-31T00:00:00.0000000",74276296.3000,43823014.8170,30453281.4830,"Approved","2026-06-01T22:28:57.8064934","2026-06-01T22:28:57.8064934"
197,"SET-20260601222857-FD3018",2,2,"2025-07-01T00:00:00.0000000","2025-07-31T00:00:00.0000000",238694315.2500,143216589.1500,95477726.1000,"Approved","2026-06-01T22:28:57.8555778","2026-06-01T22:28:57.8555778"
198,"SET-20260601222857-DEDDFA",3,3,"2025-07-01T00:00:00.0000000","2025-07-31T00:00:00.0000000",248450496.4500,151554802.8345,96895693.6155,"Approved","2026-06-01T22:28:57.9239883","2026-06-01T22:28:57.9239883"
199,"SET-20260601222857-36F81D",4,4,"2025-07-01T00:00:00.0000000","2025-07-31T00:00:00.0000000",54738466.0500,33937848.9510,20800617.0990,"Approved","2026-06-01T22:28:57.9417979","2026-06-01T22:28:57.9417979"
200,"SET-20260601222857-BB6173",5,5,"2025-07-01T00:00:00.0000000","2025-07-31T00:00:00.0000000",52975408.3000,33374507.2290,19600901.0710,"Approved","2026-06-01T22:28:57.9503289","2026-06-01T22:28:57.9503289"
201,"SET-20260601222857-80D61A",6,6,"2025-07-01T00:00:00.0000000","2025-07-31T00:00:00.0000000",47823000.0000,30606720.0000,17216280.0000,"Approved","2026-06-01T22:28:57.9568705","2026-06-01T22:28:57.9568705"
202,"SET-20260601222857-1A326B",7,7,"2025-07-01T00:00:00.0000000","2025-07-31T00:00:00.0000000",60375931.0000,39244355.1500,21131575.8500,"Approved","2026-06-01T22:28:57.9625426","2026-06-01T22:28:57.9625426"
203,"SET-20260601222857-9B012B",8,8,"2025-07-01T00:00:00.0000000","2025-07-31T00:00:00.0000000",96868025.7500,63932896.9950,32935128.7550,"Approved","2026-06-01T22:28:57.9785189","2026-06-01T22:28:57.9785189"
204,"SET-20260601222857-DB015D",9,9,"2025-07-01T00:00:00.0000000","2025-07-31T00:00:00.0000000",64977211.6000,43534731.7720,21442479.8280,"Approved","2026-06-01T22:28:57.9888341","2026-06-01T22:28:57.9888341"
205,"SET-20260601222857-3A0FFF",10,10,"2025-07-01T00:00:00.0000000","2025-07-31T00:00:00.0000000",102300674.5000,59334391.2100,42966283.2900,"Approved","2026-06-01T22:28:57.9953765","2026-06-01T22:28:57.9953765"
206,"SET-20260601222858-D73CCC",11,11,"2025-07-01T00:00:00.0000000","2025-07-31T00:00:00.0000000",64056567.6000,37793374.8840,26263192.7160,"Approved","2026-06-01T22:28:58.0032447","2026-06-01T22:28:58.0032447"
207,"SET-20260601222858-D5FA76",12,12,"2025-07-01T00:00:00.0000000","2025-07-31T00:00:00.0000000",83005040.5000,49803024.3000,33202016.2000,"Approved","2026-06-01T22:28:58.0094253","2026-06-01T22:28:58.0094253"
208,"SET-20260601222858-8E6DA0",13,13,"2025-07-01T00:00:00.0000000","2025-07-31T00:00:00.0000000",86356637.5000,52677548.8750,33679088.6250,"Approved","2026-06-01T22:28:58.0141052","2026-06-01T22:28:58.0141052"
209,"SET-20260601222858-3986E0",14,14,"2025-07-01T00:00:00.0000000","2025-07-31T00:00:00.0000000",85063840.5000,52739581.1100,32324259.3900,"Approved","2026-06-01T22:28:58.0202565","2026-06-01T22:28:58.0192375"
210,"SET-20260601222858-B6F334",15,15,"2025-07-01T00:00:00.0000000","2025-07-31T00:00:00.0000000",114815222.5000,72333590.1750,42481632.3250,"Approved","2026-06-01T22:28:58.0269655","2026-06-01T22:28:58.0269655"
211,"SET-20260601222858-C787CE",1,1,"2025-08-01T00:00:00.0000000","2025-08-31T00:00:00.0000000",73913905.8000,43609204.4220,30304701.3780,"Approved","2026-06-01T22:28:58.0350782","2026-06-01T22:28:58.0350782"
212,"SET-20260601222858-CF293C",2,2,"2025-08-01T00:00:00.0000000","2025-08-31T00:00:00.0000000",239696148.3500,143817689.0100,95878459.3400,"Approved","2026-06-01T22:28:58.0528540","2026-06-01T22:28:58.0528540"
213,"SET-20260601222858-B2ACFA",3,3,"2025-08-01T00:00:00.0000000","2025-08-31T00:00:00.0000000",248993450.5000,151886004.8050,97107445.6950,"Approved","2026-06-01T22:28:58.0707538","2026-06-01T22:28:58.0707538"
214,"SET-20260601222858-3AB81B",4,4,"2025-08-01T00:00:00.0000000","2025-08-31T00:00:00.0000000",54386442.0500,33719594.0710,20666847.9790,"Approved","2026-06-01T22:28:58.0754518","2026-06-01T22:28:58.0754518"
215,"SET-20260601222858-0B3A86",5,5,"2025-08-01T00:00:00.0000000","2025-08-31T00:00:00.0000000",53192986.5000,33511581.4950,19681405.0050,"Approved","2026-06-01T22:28:58.0798563","2026-06-01T22:28:58.0798563"
216,"SET-20260601222858-AA6E84",6,6,"2025-08-01T00:00:00.0000000","2025-08-31T00:00:00.0000000",48100230.5500,30784147.5520,17316082.9980,"Approved","2026-06-01T22:28:58.0840950","2026-06-01T22:28:58.0840950"
217,"SET-20260601222858-331843",7,7,"2025-08-01T00:00:00.0000000","2025-08-31T00:00:00.0000000",60261029.3000,39169669.0450,21091360.2550,"Approved","2026-06-01T22:28:58.0877993","2026-06-01T22:28:58.0877993"
218,"SET-20260601222858-E1AF2E",8,8,"2025-08-01T00:00:00.0000000","2025-08-31T00:00:00.0000000",96953265.0000,63989154.9000,32964110.1000,"Approved","2026-06-01T22:28:58.0943827","2026-06-01T22:28:58.0943827"
219,"SET-20260601222858-E7151F",9,9,"2025-08-01T00:00:00.0000000","2025-08-31T00:00:00.0000000",65766240.6000,44063381.2020,21702859.3980,"Approved","2026-06-01T22:28:58.0998648","2026-06-01T22:28:58.0998648"
220,"SET-20260601222858-D6B136",10,10,"2025-08-01T00:00:00.0000000","2025-08-31T00:00:00.0000000",102030715.2500,59177814.8450,42852900.4050,"Approved","2026-06-01T22:28:58.1053171","2026-06-01T22:28:58.1053171"
221,"SET-20260601222858-4975DD",11,11,"2025-08-01T00:00:00.0000000","2025-08-31T00:00:00.0000000",64392744.0000,37991718.9600,26401025.0400,"Approved","2026-06-01T22:28:58.1128615","2026-06-01T22:28:58.1128615"
222,"SET-20260601222858-C98E41",12,12,"2025-08-01T00:00:00.0000000","2025-08-31T00:00:00.0000000",82822272.0000,49693363.2000,33128908.8000,"Approved","2026-06-01T22:28:58.1194595","2026-06-01T22:28:58.1194595"
223,"SET-20260601222858-6D4EE2",13,13,"2025-08-01T00:00:00.0000000","2025-08-31T00:00:00.0000000",86290866.5000,52637428.5650,33653437.9350,"Approved","2026-06-01T22:28:58.1277252","2026-06-01T22:28:58.1277252"
224,"SET-20260601222858-C7E649",14,14,"2025-08-01T00:00:00.0000000","2025-08-31T00:00:00.0000000",85020652.7500,52712804.7050,32307848.0450,"Approved","2026-06-01T22:28:58.1323231","2026-06-01T22:28:58.1323231"
225,"SET-20260601222858-F0E8EC",15,15,"2025-08-01T00:00:00.0000000","2025-08-31T00:00:00.0000000",113884005.0000,71746923.1500,42137081.8500,"Approved","2026-06-01T22:28:58.1409529","2026-06-01T22:28:58.1409529"
226,"SET-20260601222858-05F813",1,1,"2025-09-01T00:00:00.0000000","2025-09-30T00:00:00.0000000",74546999.0000,43982729.4100,30564269.5900,"Approved","2026-06-01T22:28:58.1478389","2026-06-01T22:28:58.1478389"
227,"SET-20260601222858-B1B960",2,2,"2025-09-01T00:00:00.0000000","2025-09-30T00:00:00.0000000",239805424.6500,143883254.7900,95922169.8600,"Approved","2026-06-01T22:28:58.1659975","2026-06-01T22:28:58.1659975"
228,"SET-20260601222858-EB3864",3,3,"2025-09-01T00:00:00.0000000","2025-09-30T00:00:00.0000000",248273713.0500,151446964.9605,96826748.0895,"Approved","2026-06-01T22:28:58.1825745","2026-06-01T22:28:58.1825745"
229,"SET-20260601222858-32420A",4,4,"2025-09-01T00:00:00.0000000","2025-09-30T00:00:00.0000000",54770067.4500,33957441.8190,20812625.6310,"Approved","2026-06-01T22:28:58.1865790","2026-06-01T22:28:58.1865790"
230,"SET-20260601222858-DAC961",5,5,"2025-09-01T00:00:00.0000000","2025-09-30T00:00:00.0000000",52993117.3000,33385663.8990,19607453.4010,"Approved","2026-06-01T22:28:58.1915773","2026-06-01T22:28:58.1915773"
231,"SET-20260601222858-19BB52",6,6,"2025-09-01T00:00:00.0000000","2025-09-30T00:00:00.0000000",47954683.5500,30690997.4720,17263686.0780,"Approved","2026-06-01T22:28:58.1962035","2026-06-01T22:28:58.1962035"
232,"SET-20260601222858-047ACE",7,7,"2025-09-01T00:00:00.0000000","2025-09-30T00:00:00.0000000",59886365.3500,38926137.4775,20960227.8725,"Approved","2026-06-01T22:28:58.2012007","2026-06-01T22:28:58.2012007"
233,"SET-20260601222858-4E0637",8,8,"2025-09-01T00:00:00.0000000","2025-09-30T00:00:00.0000000",97670511.0000,64462537.2600,33207973.7400,"Approved","2026-06-01T22:28:58.2072831","2026-06-01T22:28:58.2072831"
234,"SET-20260601222858-DB3BB0",9,9,"2025-09-01T00:00:00.0000000","2025-09-30T00:00:00.0000000",65319472.0000,43764046.2400,21555425.7600,"Approved","2026-06-01T22:28:58.2123017","2026-06-01T22:28:58.2123017"
235,"SET-20260601222858-900F27",10,10,"2025-09-01T00:00:00.0000000","2025-09-30T00:00:00.0000000",102715341.5000,59574898.0700,43140443.4300,"Approved","2026-06-01T22:28:58.2182993","2026-06-01T22:28:58.2182993"
236,"SET-20260601222858-218137",11,11,"2025-09-01T00:00:00.0000000","2025-09-30T00:00:00.0000000",64207856.0000,37882635.0400,26325220.9600,"Approved","2026-06-01T22:28:58.2243472","2026-06-01T22:28:58.2243472"
237,"SET-20260601222858-20409B",12,12,"2025-09-01T00:00:00.0000000","2025-09-30T00:00:00.0000000",82398465.5000,49439079.3000,32959386.2000,"Approved","2026-06-01T22:28:58.2302784","2026-06-01T22:28:58.2302784"
238,"SET-20260601222858-B5CBB7",13,13,"2025-09-01T00:00:00.0000000","2025-09-30T00:00:00.0000000",86272289.3000,52626096.4730,33646192.8270,"Approved","2026-06-01T22:28:58.2370204","2026-06-01T22:28:58.2370204"
239,"SET-20260601222858-C0F0E6",14,14,"2025-09-01T00:00:00.0000000","2025-09-30T00:00:00.0000000",84237967.5000,52227539.8500,32010427.6500,"Approved","2026-06-01T22:28:58.2411660","2026-06-01T22:28:58.2411660"
240,"SET-20260601222858-D26DAA",15,15,"2025-09-01T00:00:00.0000000","2025-09-30T00:00:00.0000000",114549072.5000,72165915.6750,42383156.8250,"Approved","2026-06-01T22:28:58.2499820","2026-06-01T22:28:58.2499820"
241,"SET-20260601222858-37A287",1,1,"2025-10-01T00:00:00.0000000","2025-10-31T00:00:00.0000000",74117812.2500,43729509.2275,30388303.0225,"Approved","2026-06-01T22:28:58.2550461","2026-06-01T22:28:58.2550461"
242,"SET-20260601222858-62D8C2",2,2,"2025-10-01T00:00:00.0000000","2025-10-31T00:00:00.0000000",239017107.8000,143410264.6800,95606843.1200,"Approved","2026-06-01T22:28:58.2707363","2026-06-01T22:28:58.2707363"
243,"SET-20260601222858-63DBBD",3,3,"2025-10-01T00:00:00.0000000","2025-10-31T00:00:00.0000000",247925549.4000,151234585.1340,96690964.2660,"Approved","2026-06-01T22:28:58.2877205","2026-06-01T22:28:58.2877205"
244,"SET-20260601222858-FBC4B3",4,4,"2025-10-01T00:00:00.0000000","2025-10-31T00:00:00.0000000",54394993.3000,33724895.8460,20670097.4540,"Approved","2026-06-01T22:28:58.2917391","2026-06-01T22:28:58.2917391"
245,"SET-20260601222858-4CD5ED",5,5,"2025-10-01T00:00:00.0000000","2025-10-31T00:00:00.0000000",53476567.1000,33690237.2730,19786329.8270,"Approved","2026-06-01T22:28:58.2977535","2026-06-01T22:28:58.2977535"
246,"SET-20260601222858-8C070A",6,6,"2025-10-01T00:00:00.0000000","2025-10-31T00:00:00.0000000",47895696.4500,30653245.7280,17242450.7220,"Approved","2026-06-01T22:28:58.3007448","2026-06-01T22:28:58.3007448"
247,"SET-20260601222858-A0FA54",7,7,"2025-10-01T00:00:00.0000000","2025-10-31T00:00:00.0000000",60254394.0500,39165356.1325,21089037.9175,"Approved","2026-06-01T22:28:58.3059768","2026-06-01T22:28:58.3059768"
248,"SET-20260601222858-E5EB69",8,8,"2025-10-01T00:00:00.0000000","2025-10-31T00:00:00.0000000",97394613.5000,64280444.9100,33114168.5900,"Approved","2026-06-01T22:28:58.3105153","2026-06-01T22:28:58.3105153"
249,"SET-20260601222858-72A119",9,9,"2025-10-01T00:00:00.0000000","2025-10-31T00:00:00.0000000",65007786.0000,43555216.6200,21452569.3800,"Approved","2026-06-01T22:28:58.3150348","2026-06-01T22:28:58.3150348"
250,"SET-20260601222858-8A06ED",10,10,"2025-10-01T00:00:00.0000000","2025-10-31T00:00:00.0000000",102207277.5000,59280220.9500,42927056.5500,"Approved","2026-06-01T22:28:58.3205930","2026-06-01T22:28:58.3205930"
251,"SET-20260601222858-A7941B",11,11,"2025-10-01T00:00:00.0000000","2025-10-31T00:00:00.0000000",63903228.6000,37702904.8740,26200323.7260,"Approved","2026-06-01T22:28:58.3262076","2026-06-01T22:28:58.3262076"
252,"SET-20260601222858-354589",12,12,"2025-10-01T00:00:00.0000000","2025-10-31T00:00:00.0000000",82621352.7500,49572811.6500,33048541.1000,"Approved","2026-06-01T22:28:58.3297965","2026-06-01T22:28:58.3297965"
253,"SET-20260601222858-46B73E",13,13,"2025-10-01T00:00:00.0000000","2025-10-31T00:00:00.0000000",86604817.3000,52828938.5530,33775878.7470,"Approved","2026-06-01T22:28:58.3363690","2026-06-01T22:28:58.3363690"
254,"SET-20260601222858-A8ACC9",14,14,"2025-10-01T00:00:00.0000000","2025-10-31T00:00:00.0000000",84900522.7500,52638324.1050,32262198.6450,"Approved","2026-06-01T22:28:58.3423289","2026-06-01T22:28:58.3423289"
255,"SET-20260601222858-3EBF17",15,15,"2025-10-01T00:00:00.0000000","2025-10-31T00:00:00.0000000",114736252.5000,72283839.0750,42452413.4250,"Approved","2026-06-01T22:28:58.3522394","2026-06-01T22:28:58.3522394"
256,"SET-20260601222858-04A1BB",1,1,"2025-11-01T00:00:00.0000000","2025-11-30T00:00:00.0000000",74350621.8000,43866866.8620,30483754.9380,"Approved","2026-06-01T22:28:58.3572114","2026-06-01T22:28:58.3572114"
257,"SET-20260601222858-103D2A",2,2,"2025-11-01T00:00:00.0000000","2025-11-30T00:00:00.0000000",239163692.0500,143498215.2300,95665476.8200,"Approved","2026-06-01T22:28:58.3720178","2026-06-01T22:28:58.3720178"
258,"SET-20260601222858-15666E",3,3,"2025-11-01T00:00:00.0000000","2025-11-30T00:00:00.0000000",248234528.9000,151423062.6290,96811466.2710,"Approved","2026-06-01T22:28:58.3851093","2026-06-01T22:28:58.3851093"
259,"SET-20260601222858-4E7D14",4,4,"2025-11-01T00:00:00.0000000","2025-11-30T00:00:00.0000000",54836041.3000,33998345.6060,20837695.6940,"Approved","2026-06-01T22:28:58.3901065","2026-06-01T22:28:58.3901065"
260,"SET-20260601222858-F8832C",5,5,"2025-11-01T00:00:00.0000000","2025-11-30T00:00:00.0000000",52635723.5500,33160505.8365,19475217.7135,"Approved","2026-06-01T22:28:58.3945876","2026-06-01T22:28:58.3945876"
261,"SET-20260601222858-6355DA",6,6,"2025-11-01T00:00:00.0000000","2025-11-30T00:00:00.0000000",47862845.3000,30632220.9920,17230624.3080,"Approved","2026-06-01T22:28:58.3979732","2026-06-01T22:28:58.3979732"
262,"SET-20260601222858-97D86B",7,7,"2025-11-01T00:00:00.0000000","2025-11-30T00:00:00.0000000",60269613.2000,39175248.5800,21094364.6200,"Approved","2026-06-01T22:28:58.4029719","2026-06-01T22:28:58.4029719"
263,"SET-20260601222858-6488FB",8,8,"2025-11-01T00:00:00.0000000","2025-11-30T00:00:00.0000000",96993755.0000,64015878.3000,32977876.7000,"Approved","2026-06-01T22:28:58.4080601","2026-06-01T22:28:58.4080601"
264,"SET-20260601222858-CDF037",9,9,"2025-11-01T00:00:00.0000000","2025-11-30T00:00:00.0000000",64937113.1000,43507865.7770,21429247.3230,"Approved","2026-06-01T22:28:58.4130710","2026-06-01T22:28:58.4130710"
265,"SET-20260601222858-C47CF7",10,10,"2025-11-01T00:00:00.0000000","2025-11-30T00:00:00.0000000",101886896.5000,59094399.9700,42792496.5300,"Approved","2026-06-01T22:28:58.4182981","2026-06-01T22:28:58.4182981"
266,"SET-20260601222858-AD9DF3",11,11,"2025-11-01T00:00:00.0000000","2025-11-30T00:00:00.0000000",64147759.8000,37847178.2820,26300581.5180,"Approved","2026-06-01T22:28:58.4233539","2026-06-01T22:28:58.4233539"
267,"SET-20260601222858-65CC46",12,12,"2025-11-01T00:00:00.0000000","2025-11-30T00:00:00.0000000",83170806.7500,49902484.0500,33268322.7000,"Approved","2026-06-01T22:28:58.4263495","2026-06-01T22:28:58.4263495"
268,"SET-20260601222858-831DB7",13,13,"2025-11-01T00:00:00.0000000","2025-11-30T00:00:00.0000000",86834467.5000,52969025.1750,33865442.3250,"Approved","2026-06-01T22:28:58.4330216","2026-06-01T22:28:58.4330216"
269,"SET-20260601222858-13FCB9",14,14,"2025-11-01T00:00:00.0000000","2025-11-30T00:00:00.0000000",85035416.7500,52721958.3850,32313458.3650,"Approved","2026-06-01T22:28:58.4360508","2026-06-01T22:28:58.4360508"
270,"SET-20260601222858-AAB4AB",15,15,"2025-11-01T00:00:00.0000000","2025-11-30T00:00:00.0000000",114734450.0000,72282703.5000,42451746.5000,"Approved","2026-06-01T22:28:58.4425155","2026-06-01T22:28:58.4425155"
271,"SET-20260601222858-845620",1,1,"2025-12-01T00:00:00.0000000","2025-12-31T00:00:00.0000000",74177751.0500,43764873.1195,30412877.9305,"Approved","2026-06-01T22:28:58.4470441","2026-06-01T22:28:58.4470441"
272,"SET-20260601222858-AE0060",2,2,"2025-12-01T00:00:00.0000000","2025-12-31T00:00:00.0000000",239335938.4000,143601563.0400,95734375.3600,"Approved","2026-06-01T22:28:58.4601308","2026-06-01T22:28:58.4601308"
273,"SET-20260601222858-C3E232",3,3,"2025-12-01T00:00:00.0000000","2025-12-31T00:00:00.0000000",247879182.7500,151206301.4775,96672881.2725,"Approved","2026-06-01T22:28:58.4729557","2026-06-01T22:28:58.4729557"
274,"SET-20260601222858-235657",4,4,"2025-12-01T00:00:00.0000000","2025-12-31T00:00:00.0000000",54968887.5000,34080710.2500,20888177.2500,"Approved","2026-06-01T22:28:58.4770817","2026-06-01T22:28:58.4770817"
275,"SET-20260601222858-0A48AE",5,5,"2025-12-01T00:00:00.0000000","2025-12-31T00:00:00.0000000",53268383.2000,33559081.4160,19709301.7840,"Approved","2026-06-01T22:28:58.4800780","2026-06-01T22:28:58.4800780"
276,"SET-20260601222858-6643B8",6,6,"2025-12-01T00:00:00.0000000","2025-12-31T00:00:00.0000000",48118588.0500,30795896.3520,17322691.6980,"Approved","2026-06-01T22:28:58.4840812","2026-06-01T22:28:58.4840812"
277,"SET-20260601222858-4E8D7F",7,7,"2025-12-01T00:00:00.0000000","2025-12-31T00:00:00.0000000",60402342.1000,39261522.3650,21140819.7350,"Approved","2026-06-01T22:28:58.4880880","2026-06-01T22:28:58.4880880"
278,"SET-20260601222858-EF67C7",8,8,"2025-12-01T00:00:00.0000000","2025-12-31T00:00:00.0000000",97064793.2500,64062763.5450,33002029.7050,"Approved","2026-06-01T22:28:58.4931331","2026-06-01T22:28:58.4931331"
279,"SET-20260601222858-A55BA7",9,9,"2025-12-01T00:00:00.0000000","2025-12-31T00:00:00.0000000",65345806.1000,43781690.0870,21564116.0130,"Approved","2026-06-01T22:28:58.4961897","2026-06-01T22:28:58.4961897"
280,"SET-20260601222858-999086",10,10,"2025-12-01T00:00:00.0000000","2025-12-31T00:00:00.0000000",102362476.5000,59370236.3700,42992240.1300,"Approved","2026-06-01T22:28:58.5025368","2026-06-01T22:28:58.5025368"
281,"SET-20260601222858-E3EC3B",11,11,"2025-12-01T00:00:00.0000000","2025-12-31T00:00:00.0000000",64204240.0000,37880501.6000,26323738.4000,"Approved","2026-06-01T22:28:58.5070617","2026-06-01T22:28:58.5070617"
282,"SET-20260601222858-3D50A0",12,12,"2025-12-01T00:00:00.0000000","2025-12-31T00:00:00.0000000",82621342.7500,49572805.6500,33048537.1000,"Approved","2026-06-01T22:28:58.5128730","2026-06-01T22:28:58.5128730"
283,"SET-20260601222858-D48BAE",13,13,"2025-12-01T00:00:00.0000000","2025-12-31T00:00:00.0000000",86245998.0000,52610058.7800,33635939.2200,"Approved","2026-06-01T22:28:58.5171497","2026-06-01T22:28:58.5171497"
284,"SET-20260601222858-9FCA4D",14,14,"2025-12-01T00:00:00.0000000","2025-12-31T00:00:00.0000000",85123458.2500,52776544.1150,32346914.1350,"Approved","2026-06-01T22:28:58.5217334","2026-06-01T22:28:58.5217334"
285,"SET-20260601222858-B7B686",15,15,"2025-12-01T00:00:00.0000000","2025-12-31T00:00:00.0000000",114850250.0000,72355657.5000,42494592.5000,"Approved","2026-06-01T22:28:58.5272635","2026-06-01T22:28:58.5272635"
286,"SET-20260601222858-71072E",1,1,"2026-01-01T00:00:00.0000000","2026-01-31T00:00:00.0000000",74633708.0000,44033887.7200,30599820.2800,"Approved","2026-06-01T22:28:58.5317942","2026-06-01T22:28:58.5317942"
287,"SET-20260601222858-D47050",2,2,"2026-01-01T00:00:00.0000000","2026-01-31T00:00:00.0000000",239223928.8500,143534357.3100,95689571.5400,"Approved","2026-06-01T22:28:58.5471369","2026-06-01T22:28:58.5471369"
288,"SET-20260601222858-8A7072",3,3,"2026-01-01T00:00:00.0000000","2026-01-31T00:00:00.0000000",248666030.8000,151686278.7880,96979752.0120,"Approved","2026-06-01T22:28:58.5612877","2026-06-01T22:28:58.5612877"
289,"SET-20260601222858-839361",4,4,"2026-01-01T00:00:00.0000000","2026-01-31T00:00:00.0000000",54615268.5000,33861466.4700,20753802.0300,"Approved","2026-06-01T22:28:58.5647978","2026-06-01T22:28:58.5647978"
290,"SET-20260601222858-B16535",5,5,"2026-01-01T00:00:00.0000000","2026-01-31T00:00:00.0000000",52968882.3500,33370395.8805,19598486.4695,"Approved","2026-06-01T22:28:58.5681865","2026-06-01T22:28:58.5681865"
291,"SET-20260601222858-2D9F55",6,6,"2026-01-01T00:00:00.0000000","2026-01-31T00:00:00.0000000",47953979.0000,30690546.5600,17263432.4400,"Approved","2026-06-01T22:28:58.5717230","2026-06-01T22:28:58.5717230"
292,"SET-20260601222858-D502AC",7,7,"2026-01-01T00:00:00.0000000","2026-01-31T00:00:00.0000000",59876988.6000,38920042.5900,20956946.0100,"Approved","2026-06-01T22:28:58.5757521","2026-06-01T22:28:58.5757521"
293,"SET-20260601222858-8C8F3C",8,8,"2026-01-01T00:00:00.0000000","2026-01-31T00:00:00.0000000",97424213.0000,64299980.5800,33124232.4200,"Approved","2026-06-01T22:28:58.5819671","2026-06-01T22:28:58.5819671"
294,"SET-20260601222858-F7AFB0",9,9,"2026-01-01T00:00:00.0000000","2026-01-31T00:00:00.0000000",65435069.7000,43841496.6990,21593573.0010,"Approved","2026-06-01T22:28:58.5864918","2026-06-01T22:28:58.5864918"
295,"SET-20260601222858-1A095C",10,10,"2026-01-01T00:00:00.0000000","2026-01-31T00:00:00.0000000",102532810.7500,59469030.2350,43063780.5150,"Approved","2026-06-01T22:28:58.5943507","2026-06-01T22:28:58.5943507"
296,"SET-20260601222858-6F9CA6",11,11,"2026-01-01T00:00:00.0000000","2026-01-31T00:00:00.0000000",64286612.8000,37929101.5520,26357511.2480,"Approved","2026-06-01T22:28:58.5989143","2026-06-01T22:28:58.5989143"
297,"SET-20260601222858-7282EF",12,12,"2026-01-01T00:00:00.0000000","2026-01-31T00:00:00.0000000",82988143.5000,49792886.1000,33195257.4000,"Approved","2026-06-01T22:28:58.6025042","2026-06-01T22:28:58.6025042"
298,"SET-20260601222858-0F4298",13,13,"2026-01-01T00:00:00.0000000","2026-01-31T00:00:00.0000000",86169629.3000,52563473.8730,33606155.4270,"Approved","2026-06-01T22:28:58.6090443","2026-06-01T22:28:58.6090443"
299,"SET-20260601222858-950C6C",14,14,"2026-01-01T00:00:00.0000000","2026-01-31T00:00:00.0000000",85199953.7500,52823971.3250,32375982.4250,"Approved","2026-06-01T22:28:58.6140820","2026-06-01T22:28:58.6140820"
300,"SET-20260601222858-81D3F3",15,15,"2026-01-01T00:00:00.0000000","2026-01-31T00:00:00.0000000",114541080.0000,72160880.4000,42380199.6000,"Approved","2026-06-01T22:28:58.6210929","2026-06-01T22:28:58.6210929"
301,"SET-20260601222858-C6AEEC",1,1,"2026-02-01T00:00:00.0000000","2026-02-28T00:00:00.0000000",74423222.0000,43909700.9800,30513521.0200,"Approved","2026-06-01T22:28:58.6266086","2026-06-01T22:28:58.6266086"
302,"SET-20260601222858-0170D9",2,2,"2026-02-01T00:00:00.0000000","2026-02-28T00:00:00.0000000",238784426.0500,143270655.6300,95513770.4200,"Approved","2026-06-01T22:28:58.6422389","2026-06-01T22:28:58.6422389"
303,"SET-20260601222858-E076C8",3,3,"2026-02-01T00:00:00.0000000","2026-02-28T00:00:00.0000000",248778558.7000,151754920.8070,97023637.8930,"Approved","2026-06-01T22:28:58.6588863","2026-06-01T22:28:58.6588863"
304,"SET-20260601222858-C4E4D4",4,4,"2026-02-01T00:00:00.0000000","2026-02-28T00:00:00.0000000",54384771.5500,33718558.3610,20666213.1890,"Approved","2026-06-01T22:28:58.6638898","2026-06-01T22:28:58.6638898"
305,"SET-20260601222858-AB3958",5,5,"2026-02-01T00:00:00.0000000","2026-02-28T00:00:00.0000000",53505456.1000,33708437.3430,19797018.7570,"Approved","2026-06-01T22:28:58.6678864","2026-06-01T22:28:58.6678864"
306,"SET-20260601222858-6A04B3",6,6,"2026-02-01T00:00:00.0000000","2026-02-28T00:00:00.0000000",47949851.0000,30687904.6400,17261946.3600,"Approved","2026-06-01T22:28:58.6718873","2026-06-01T22:28:58.6718873"
307,"SET-20260601222858-5E54AF",7,7,"2026-02-01T00:00:00.0000000","2026-02-28T00:00:00.0000000",60267138.7000,39173640.1550,21093498.5450,"Approved","2026-06-01T22:28:58.6754465","2026-06-01T22:28:58.6754465"
308,"SET-20260601222858-D957F5",8,8,"2026-02-01T00:00:00.0000000","2026-02-28T00:00:00.0000000",97475810.2500,64334034.7650,33141775.4850,"Approved","2026-06-01T22:28:58.6931714","2026-06-01T22:28:58.6931714"
309,"SET-20260601222858-A58F67",9,9,"2026-02-01T00:00:00.0000000","2026-02-28T00:00:00.0000000",64946646.3000,43514253.0210,21432393.2790,"Approved","2026-06-01T22:28:58.6993964","2026-06-01T22:28:58.6993964"
310,"SET-20260601222858-678634",10,10,"2026-02-01T00:00:00.0000000","2026-02-28T00:00:00.0000000",102940826.2500,59705679.2250,43235147.0250,"Approved","2026-06-01T22:28:58.7056266","2026-06-01T22:28:58.7056266"
311,"SET-20260601222858-CBBDE4",11,11,"2026-02-01T00:00:00.0000000","2026-02-28T00:00:00.0000000",63876346.1000,37687044.1990,26189301.9010,"Approved","2026-06-01T22:28:58.7116405","2026-06-01T22:28:58.7116405"
312,"SET-20260601222858-309294",12,12,"2026-02-01T00:00:00.0000000","2026-02-28T00:00:00.0000000",83072639.5000,49843583.7000,33229055.8000,"Approved","2026-06-01T22:28:58.7172390","2026-06-01T22:28:58.7172390"
313,"SET-20260601222858-C533B2",13,13,"2026-02-01T00:00:00.0000000","2026-02-28T00:00:00.0000000",86527868.3000,52781999.6630,33745868.6370,"Approved","2026-06-01T22:28:58.7244365","2026-06-01T22:28:58.7244365"
314,"SET-20260601222858-4E0FE8",14,14,"2026-02-01T00:00:00.0000000","2026-02-28T00:00:00.0000000",85017928.5000,52711115.6700,32306812.8300,"Approved","2026-06-01T22:28:58.7314984","2026-06-01T22:28:58.7314984"
315,"SET-20260601222858-71A2A3",15,15,"2026-02-01T00:00:00.0000000","2026-02-28T00:00:00.0000000",113668565.0000,71611195.9500,42057369.0500,"Approved","2026-06-01T22:28:58.7411342","2026-06-01T22:28:58.7411342"
316,"SET-20260601222858-F84A47",1,1,"2026-03-01T00:00:00.0000000","2026-03-31T00:00:00.0000000",74390499.3000,43890394.5870,30500104.7130,"Approved","2026-06-01T22:28:58.7476621","2026-06-01T22:28:58.7476621"
317,"SET-20260601222858-62AF08",2,2,"2026-03-01T00:00:00.0000000","2026-03-31T00:00:00.0000000",238922585.6000,143353551.3600,95569034.2400,"Approved","2026-06-01T22:28:58.7642172","2026-06-01T22:28:58.7642172"
318,"SET-20260601222858-3A90E6",3,3,"2026-03-01T00:00:00.0000000","2026-03-31T00:00:00.0000000",248213828.6000,151410435.4460,96803393.1540,"Approved","2026-06-01T22:28:58.7782762","2026-06-01T22:28:58.7782762"
319,"SET-20260601222858-563FFA",4,4,"2026-03-01T00:00:00.0000000","2026-03-31T00:00:00.0000000",54820277.0500,33988571.7710,20831705.2790,"Approved","2026-06-01T22:28:58.7825180","2026-06-01T22:28:58.7825180"
320,"SET-20260601222858-9B02BC",5,5,"2026-03-01T00:00:00.0000000","2026-03-31T00:00:00.0000000",52888632.2000,33319838.2860,19568793.9140,"Approved","2026-06-01T22:28:58.7890721","2026-06-01T22:28:58.7890721"
321,"SET-20260601222858-A5FD61",6,6,"2026-03-01T00:00:00.0000000","2026-03-31T00:00:00.0000000",47767482.8000,30571188.9920,17196293.8080,"Approved","2026-06-01T22:28:58.7941145","2026-06-01T22:28:58.7941145"
322,"SET-20260601222858-6B0F26",7,7,"2026-03-01T00:00:00.0000000","2026-03-31T00:00:00.0000000",60142340.5500,39092521.3575,21049819.1925,"Approved","2026-06-01T22:28:58.7991450","2026-06-01T22:28:58.7991450"
323,"SET-20260601222858-B99A02",8,8,"2026-03-01T00:00:00.0000000","2026-03-31T00:00:00.0000000",97348365.0000,64249920.9000,33098444.1000,"Approved","2026-06-01T22:28:58.8058621","2026-06-01T22:28:58.8058621"
324,"SET-20260601222858-D04377",9,9,"2026-03-01T00:00:00.0000000","2026-03-31T00:00:00.0000000",65112807.1000,43625580.7570,21487226.3430,"Approved","2026-06-01T22:28:58.8121798","2026-06-01T22:28:58.8121798"
325,"SET-20260601222858-49873D",10,10,"2026-03-01T00:00:00.0000000","2026-03-31T00:00:00.0000000",101739094.7500,59008674.9550,42730419.7950,"Approved","2026-06-01T22:28:58.8202066","2026-06-01T22:28:58.8202066"
326,"SET-20260601222858-6540BD",11,11,"2026-03-01T00:00:00.0000000","2026-03-31T00:00:00.0000000",63934792.8000,37721527.7520,26213265.0480,"Approved","2026-06-01T22:28:58.8247205","2026-06-01T22:28:58.8247205"
327,"SET-20260601222858-AD6828",12,12,"2026-03-01T00:00:00.0000000","2026-03-31T00:00:00.0000000",82933476.7500,49760086.0500,33173390.7000,"Approved","2026-06-01T22:28:58.8298096","2026-06-01T22:28:58.8298096"
328,"SET-20260601222858-8E8866",13,13,"2026-03-01T00:00:00.0000000","2026-03-31T00:00:00.0000000",86422552.7000,52717757.1470,33704795.5530,"Approved","2026-06-01T22:28:58.8362303","2026-06-01T22:28:58.8362303"
329,"SET-20260601222858-D746BF",14,14,"2026-03-01T00:00:00.0000000","2026-03-31T00:00:00.0000000",85013648.5000,52708462.0700,32305186.4300,"Approved","2026-06-01T22:28:58.8412454","2026-06-01T22:28:58.8412454"
330,"SET-20260601222858-E3EA77",15,15,"2026-03-01T00:00:00.0000000","2026-03-31T00:00:00.0000000",115007707.5000,72454855.7250,42552851.7750,"Approved","2026-06-01T22:28:58.8492565","2026-06-01T22:28:58.8492565"
331,"SET-20260601222858-77F8B2",1,1,"2026-04-01T00:00:00.0000000","2026-04-30T00:00:00.0000000",74216115.0500,43787507.8795,30428607.1705,"Approved","2026-06-01T22:28:58.8547695","2026-06-01T22:28:58.8547695"
332,"SET-20260601222858-7257D9",2,2,"2026-04-01T00:00:00.0000000","2026-04-30T00:00:00.0000000",239525558.6000,143715335.1600,95810223.4400,"Approved","2026-06-01T22:28:58.8753251","2026-06-01T22:28:58.8753251"
333,"SET-20260601222858-5B8A35",3,3,"2026-04-01T00:00:00.0000000","2026-04-30T00:00:00.0000000",247937635.9500,151241957.9295,96695678.0205,"Approved","2026-06-01T22:28:58.8925166","2026-06-01T22:28:58.8925166"
334,"SET-20260601222858-032029",4,4,"2026-04-01T00:00:00.0000000","2026-04-30T00:00:00.0000000",54956003.0000,34072721.8600,20883281.1400,"Approved","2026-06-01T22:28:58.8985670","2026-06-01T22:28:58.8985670"
335,"SET-20260601222858-3435D0",5,5,"2026-04-01T00:00:00.0000000","2026-04-30T00:00:00.0000000",53068699.0500,33433280.4015,19635418.6485,"Approved","2026-06-01T22:28:58.9076927","2026-06-01T22:28:58.9076927"
336,"SET-20260601222858-A97367",6,6,"2026-04-01T00:00:00.0000000","2026-04-30T00:00:00.0000000",48047909.0500,30750661.7920,17297247.2580,"Approved","2026-06-01T22:28:58.9113994","2026-06-01T22:28:58.9113994"
337,"SET-20260601222858-CA3F41",7,7,"2026-04-01T00:00:00.0000000","2026-04-30T00:00:00.0000000",60299935.1000,39194957.8150,21104977.2850,"Approved","2026-06-01T22:28:58.9172046","2026-06-01T22:28:58.9172046"
338,"SET-20260601222858-8FD22E",8,8,"2026-04-01T00:00:00.0000000","2026-04-30T00:00:00.0000000",97050365.2500,64053241.0650,32997124.1850,"Approved","2026-06-01T22:28:58.9252964","2026-06-01T22:28:58.9252964"
339,"SET-20260601222858-C2ED18",9,9,"2026-04-01T00:00:00.0000000","2026-04-30T00:00:00.0000000",65289796.3000,43744163.5210,21545632.7790,"Approved","2026-06-01T22:28:58.9381195","2026-06-01T22:28:58.9381195"
340,"SET-20260601222858-924E4D",10,10,"2026-04-01T00:00:00.0000000","2026-04-30T00:00:00.0000000",102482108.2500,59439622.7850,43042485.4650,"Approved","2026-06-01T22:28:58.9470663","2026-06-01T22:28:58.9470663"
341,"SET-20260601222858-057522",11,11,"2026-04-01T00:00:00.0000000","2026-04-30T00:00:00.0000000",64198113.5000,37876886.9650,26321226.5350,"Approved","2026-06-01T22:28:58.9540868","2026-06-01T22:28:58.9540868"
342,"SET-20260601222858-2F80C8",12,12,"2026-04-01T00:00:00.0000000","2026-04-30T00:00:00.0000000",82699426.0000,49619655.6000,33079770.4000,"Approved","2026-06-01T22:28:58.9590993","2026-06-01T22:28:58.9590993"
343,"SET-20260601222858-EAC4B8",13,13,"2026-04-01T00:00:00.0000000","2026-04-30T00:00:00.0000000",86218225.3000,52593117.4330,33625107.8670,"Approved","2026-06-01T22:28:58.9682036","2026-06-01T22:28:58.9682036"
344,"SET-20260601222858-7936F4",14,14,"2026-04-01T00:00:00.0000000","2026-04-30T00:00:00.0000000",85315560.0000,52895647.2000,32419912.8000,"Approved","2026-06-01T22:28:58.9739848","2026-06-01T22:28:58.9739848"
345,"SET-20260601222858-313E06",15,15,"2026-04-01T00:00:00.0000000","2026-04-30T00:00:00.0000000",114861202.5000,72362557.5750,42498644.9250,"Approved","2026-06-01T22:28:58.9824500","2026-06-01T22:28:58.9824500"
346,"SET-20260601222858-36EC2D",1,1,"2026-05-01T00:00:00.0000000","2026-05-31T00:00:00.0000000",74577185.7000,44000539.5630,30576646.1370,"Approved","2026-06-01T22:28:58.9879819","2026-06-01T22:28:58.9879819"
347,"SET-20260601222859-4FF5C0",2,2,"2026-05-01T00:00:00.0000000","2026-05-31T00:00:00.0000000",239284598.4000,143570759.0400,95713839.3600,"Approved","2026-06-01T22:28:59.0011777","2026-06-01T22:28:59.0011777"
348,"SET-20260601222859-1E56DA",3,3,"2026-05-01T00:00:00.0000000","2026-05-31T00:00:00.0000000",248649991.1500,151676494.6015,96973496.5485,"Approved","2026-06-01T22:28:59.0147996","2026-06-01T22:28:59.0147996"
349,"SET-20260601222859-8A5D8F",4,4,"2026-05-01T00:00:00.0000000","2026-05-31T00:00:00.0000000",54685740.5000,33905159.1100,20780581.3900,"Approved","2026-06-01T22:28:59.0188134","2026-06-01T22:28:59.0188134"
350,"SET-20260601222859-7B924B",5,5,"2026-05-01T00:00:00.0000000","2026-05-31T00:00:00.0000000",53227337.8500,33533222.8455,19694115.0045,"Approved","2026-06-01T22:28:59.0238143","2026-06-01T22:28:59.0238143"
351,"SET-20260601222859-2786A3",6,6,"2026-05-01T00:00:00.0000000","2026-05-31T00:00:00.0000000",47769908.0000,30572741.1200,17197166.8800,"Approved","2026-06-01T22:28:59.0289540","2026-06-01T22:28:59.0289540"
352,"SET-20260601222859-72CC7C",7,7,"2026-05-01T00:00:00.0000000","2026-05-31T00:00:00.0000000",60030170.0500,39019610.5325,21010559.5175,"Approved","2026-06-01T22:28:59.0339291","2026-06-01T22:28:59.0339291"
353,"SET-20260601222859-DD1D3B",8,8,"2026-05-01T00:00:00.0000000","2026-05-31T00:00:00.0000000",97595501.7500,64413031.1550,33182470.5950,"Approved","2026-06-01T22:28:59.0402186","2026-06-01T22:28:59.0402186"
354,"SET-20260601222859-598351",9,9,"2026-05-01T00:00:00.0000000","2026-05-31T00:00:00.0000000",65394795.2000,43814512.7840,21580282.4160,"Approved","2026-06-01T22:28:59.0456630","2026-06-01T22:28:59.0456630"
355,"SET-20260601222859-E4ACBA",10,10,"2026-05-01T00:00:00.0000000","2026-05-31T00:00:00.0000000",102525327.0000,59464689.6600,43060637.3400,"Approved","2026-06-01T22:28:59.0510600","2026-06-01T22:28:59.0510600"
356,"SET-20260601222859-FBC0FE",11,11,"2026-05-01T00:00:00.0000000","2026-05-31T00:00:00.0000000",64253064.3000,37909307.9370,26343756.3630,"Approved","2026-06-01T22:28:59.0565631","2026-06-01T22:28:59.0565631"
357,"SET-20260601222859-F7B48D",12,12,"2026-05-01T00:00:00.0000000","2026-05-31T00:00:00.0000000",83002734.7500,49801640.8500,33201093.9000,"Approved","2026-06-01T22:28:59.0626298","2026-06-01T22:28:59.0626298"
358,"SET-20260601222859-922C79",13,13,"2026-05-01T00:00:00.0000000","2026-05-31T00:00:00.0000000",86432326.8000,52723719.3480,33708607.4520,"Approved","2026-06-01T22:28:59.0691611","2026-06-01T22:28:59.0691611"
359,"SET-20260601222859-81FD3B",14,14,"2026-05-01T00:00:00.0000000","2026-05-31T00:00:00.0000000",85091595.7500,52756789.3650,32334806.3850,"Approved","2026-06-01T22:28:59.0741574","2026-06-01T22:28:59.0741574"
360,"SET-20260601222859-363402",15,15,"2026-05-01T00:00:00.0000000","2026-05-31T00:00:00.0000000",114107965.0000,71888017.9500,42219947.0500,"Approved","2026-06-01T22:28:59.0811031","2026-06-01T22:28:59.0811031"
361,"SET-20260601222859-799154",1,1,"2026-06-01T00:00:00.0000000","2026-06-30T00:00:00.0000000",0.0000,0.0000,0.0000,"Approved","2026-06-01T22:28:59.0820969","2026-06-01T22:28:59.0820969"
362,"SET-20260601222859-1365CA",2,2,"2026-06-01T00:00:00.0000000","2026-06-30T00:00:00.0000000",0.0000,0.0000,0.0000,"Approved","2026-06-01T22:28:59.0841177","2026-06-01T22:28:59.0841177"
363,"SET-20260601222859-9FFC01",3,3,"2026-06-01T00:00:00.0000000","2026-06-30T00:00:00.0000000",0.0000,0.0000,0.0000,"Approved","2026-06-01T22:28:59.0861156","2026-06-01T22:28:59.0861156"
364,"SET-20260601222859-E9B085",4,4,"2026-06-01T00:00:00.0000000","2026-06-30T00:00:00.0000000",0.0000,0.0000,0.0000,"Approved","2026-06-01T22:28:59.0871154","2026-06-01T22:28:59.0871154"
365,"SET-20260601222859-AB62AC",5,5,"2026-06-01T00:00:00.0000000","2026-06-30T00:00:00.0000000",0.0000,0.0000,0.0000,"Approved","2026-06-01T22:28:59.0881139","2026-06-01T22:28:59.0881139"
366,"SET-20260601222859-C5780F",6,6,"2026-06-01T00:00:00.0000000","2026-06-30T00:00:00.0000000",0.0000,0.0000,0.0000,"Approved","2026-06-01T22:28:59.0901296","2026-06-01T22:28:59.0901296"
367,"SET-20260601222859-E34363",7,7,"2026-06-01T00:00:00.0000000","2026-06-30T00:00:00.0000000",0.0000,0.0000,0.0000,"Approved","2026-06-01T22:28:59.0921253","2026-06-01T22:28:59.0921253"
368,"SET-20260601222859-5EF995",8,8,"2026-06-01T00:00:00.0000000","2026-06-30T00:00:00.0000000",0.0000,0.0000,0.0000,"Approved","2026-06-01T22:28:59.0941261","2026-06-01T22:28:59.0941261"
369,"SET-20260601222859-67A168",9,9,"2026-06-01T00:00:00.0000000","2026-06-30T00:00:00.0000000",0.0000,0.0000,0.0000,"Approved","2026-06-01T22:28:59.0952365","2026-06-01T22:28:59.0952365"
370,"SET-20260601222859-927756",10,10,"2026-06-01T00:00:00.0000000","2026-06-30T00:00:00.0000000",0.0000,0.0000,0.0000,"Approved","2026-06-01T22:28:59.0985819","2026-06-01T22:28:59.0985819"
371,"SET-20260601222859-F99599",11,11,"2026-06-01T00:00:00.0000000","2026-06-30T00:00:00.0000000",0.0000,0.0000,0.0000,"Approved","2026-06-01T22:28:59.0995966","2026-06-01T22:28:59.0995966"
372,"SET-20260601222859-74F0B0",12,12,"2026-06-01T00:00:00.0000000","2026-06-30T00:00:00.0000000",0.0000,0.0000,0.0000,"Approved","2026-06-01T22:28:59.1018571","2026-06-01T22:28:59.1018571"
373,"SET-20260601222859-BBDF6E",13,13,"2026-06-01T00:00:00.0000000","2026-06-30T00:00:00.0000000",0.0000,0.0000,0.0000,"Approved","2026-06-01T22:28:59.1028529","2026-06-01T22:28:59.1028529"
374,"SET-20260601222859-77E046",14,14,"2026-06-01T00:00:00.0000000","2026-06-30T00:00:00.0000000",0.0000,0.0000,0.0000,"Approved","2026-06-01T22:28:59.1043682","2026-06-01T22:28:59.1043682"
375,"SET-20260601222859-38993E",15,15,"2026-06-01T00:00:00.0000000","2026-06-30T00:00:00.0000000",0.0000,0.0000,0.0000,"Approved","2026-06-01T22:28:59.1065107","2026-06-01T22:28:59.1065107"
