UserID,Username,Email,Phone,PasswordHash,FullName,AccountStatus,LastLoginAt,CreatedAt,UpdatedAt
1,"admin01","admin01@gmail.com","0901000001","$2a$12$DemoHashForIE103DatabaseOnly","Nguyễn Thanh Sơn","Active","2026-06-02T01:50:06.3793090","2026-06-01T22:27:39.3919578","2026-06-02T01:50:06.3793090"
2,"admin02","admin02@gmail.com","0901000002","$2a$12$DemoHashForIE103DatabaseOnly","Trần Mai Hương","Active",,"2026-06-01T22:27:39.3919578",
3,"admin03","admin03@gmail.com","0901000003","$2a$12$DemoHashForIE103DatabaseOnly","Lê Quốc Thái","Active",,"2026-06-01T22:27:39.3919578",
4,"business01","business01@gmail.com","0901100001","$2a$12$DemoHashForIE103DatabaseOnly","Phạm Minh Châu","Active","2026-06-02T01:50:06.4604809","2026-06-01T22:27:39.3919578","2026-06-02T01:50:06.4604809"
5,"business02","business02@gmail.com","0901100002","$2a$12$DemoHashForIE103DatabaseOnly","Hoàng Anh Dũng","Active",,"2026-06-01T22:27:39.3919578",
6,"business03","business03@gmail.com","0901100003","$2a$12$DemoHashForIE103DatabaseOnly","Võ Thu Hằng","Active",,"2026-06-01T22:27:39.3919578",
7,"business04","business04@gmail.com","0901100004","$2a$12$DemoHashForIE103DatabaseOnly","Đặng Quốc Huy","Active",,"2026-06-01T22:27:39.3919578",
8,"business05","business05@gmail.com","0901100005","$2a$12$DemoHashForIE103DatabaseOnly","Bùi Ngọc Lan","Active",,"2026-06-01T22:27:39.3919578",
9,"operator01","operator01@ev.vn","09010200001","$2a$12$DemoHashForIE103DatabaseOnly","Nguyễn Minh Anh","Active","2026-06-02T01:50:05.2126014","2026-06-01T22:27:39.4020329","2026-06-02T01:50:05.2126014"
10,"operator02","operator02@ev.vn","09010200002","$2a$12$DemoHashForIE103DatabaseOnly","Trần Hoàng Nam","Active",,"2026-06-01T22:27:39.4020329",
11,"operator03","operator03@ev.vn","09010200003","$2a$12$DemoHashForIE103DatabaseOnly","Lê Phương Thảo","Active",,"2026-06-01T22:27:39.4020329",
12,"operator04","operator04@ev.vn","09010200004","$2a$12$DemoHashForIE103DatabaseOnly","Phạm Gia Huy","Active",,"2026-06-01T22:27:39.4020329",
13,"operator05","operator05@ev.vn","09010200005","$2a$12$DemoHashForIE103DatabaseOnly","Hoàng Thu Hà","Active",,"2026-06-01T22:27:39.4020329",
14,"operator06","operator06@ev.vn","09010200006","$2a$12$DemoHashForIE103DatabaseOnly","Võ Quang Huy","Active",,"2026-06-01T22:27:39.4020329",
15,"operator07","operator07@ev.vn","09010200007","$2a$12$DemoHashForIE103DatabaseOnly","Đặng Bảo Ngọc","Active",,"2026-06-01T22:27:39.4020329",
16,"operator08","operator08@ev.vn","09010200008","$2a$12$DemoHashForIE103DatabaseOnly","Bùi Tuấn Kiệt","Active",,"2026-06-01T22:27:39.4020329",
17,"operator09","operator09@ev.vn","09010200009","$2a$12$DemoHashForIE103DatabaseOnly","Đỗ Khánh Linh","Active",,"2026-06-01T22:27:39.4020329",
18,"operator10","operator10@ev.vn","09010200010","$2a$12$DemoHashForIE103DatabaseOnly","Ngô Đức Anh","Active",,"2026-06-01T22:27:39.4020329",
19,"operator11","operator11@ev.vn","09010200011","$2a$12$DemoHashForIE103DatabaseOnly","Dương Nhật Minh","Active",,"2026-06-01T22:27:39.4020329",
20,"operator12","operator12@ev.vn","09010200012","$2a$12$DemoHashForIE103DatabaseOnly","Lý Thanh Trúc","Active",,"2026-06-01T22:27:39.4020329",
21,"operator13","operator13@ev.vn","09010200013","$2a$12$DemoHashForIE103DatabaseOnly","Mai Anh Quân","Active",,"2026-06-01T22:27:39.4020329",
22,"operator14","operator14@ev.vn","09010200014","$2a$12$DemoHashForIE103DatabaseOnly","Cao Ngọc Hân","Active",,"2026-06-01T22:27:39.4020329",
23,"operator15","operator15@ev.vn","09010200015","$2a$12$DemoHashForIE103DatabaseOnly","Phan Quỳnh Như","Active",,"2026-06-01T22:27:39.4020329",
24,"operator16","operator16@ev.vn","09010200016","$2a$12$DemoHashForIE103DatabaseOnly","Trịnh Việt Hoàng","Active",,"2026-06-01T22:27:39.4020329",
25,"operator17","operator17@ev.vn","09010200017","$2a$12$DemoHashForIE103DatabaseOnly","Lâm Bảo Châu","Active",,"2026-06-01T22:27:39.4020329",
26,"operator18","operator18@ev.vn","09010200018","$2a$12$DemoHashForIE103DatabaseOnly","Huỳnh Thành Đạt","Active",,"2026-06-01T22:27:39.4020329",
27,"operator19","operator19@ev.vn","09010200019","$2a$12$DemoHashForIE103DatabaseOnly","Vũ Hà My","Active",,"2026-06-01T22:27:39.4020329",
28,"operator20","operator20@ev.vn","09010200020","$2a$12$DemoHashForIE103DatabaseOnly","Nguyễn Bảo Long","Active",,"2026-06-01T22:27:39.4020329",
29,"operator21","operator21@ev.vn","09010200021","$2a$12$DemoHashForIE103DatabaseOnly","Trần Minh Khang","Active",,"2026-06-01T22:27:39.4020329",
30,"operator22","operator22@ev.vn","09010200022","$2a$12$DemoHashForIE103DatabaseOnly","Lê Ngọc Mai","Active",,"2026-06-01T22:27:39.4020329",
31,"operator23","operator23@ev.vn","09010200023","$2a$12$DemoHashForIE103DatabaseOnly","Phạm Tiến Đạt","Active",,"2026-06-01T22:27:39.4020329",
32,"operator24","operator24@ev.vn","09010200024","$2a$12$DemoHashForIE103DatabaseOnly","Hoàng Yến Nhi","Active",,"2026-06-01T22:27:39.4020329",
33,"operator25","operator25@ev.vn","09010200025","$2a$12$DemoHashForIE103DatabaseOnly","Võ Gia Bảo","Active",,"2026-06-01T22:27:39.4020329",
34,"operator26","operator26@ev.vn","09010200026","$2a$12$DemoHashForIE103DatabaseOnly","Đặng Thanh Tâm","Active",,"2026-06-01T22:27:39.4020329",
35,"operator27","operator27@ev.vn","09010200027","$2a$12$DemoHashForIE103DatabaseOnly","Bùi Minh Trí","Active",,"2026-06-01T22:27:39.4020329",
36,"operator28","operator28@ev.vn","09010200028","$2a$12$DemoHashForIE103DatabaseOnly","Đỗ Thảo Vy","Active",,"2026-06-01T22:27:39.4020329",
37,"franchise01","franchise01@ev.vn","0930000001","$2a$12$DemoHashForIE103DatabaseOnly","Ngô Hải Đăng","Active","2026-06-02T01:50:06.2801607","2026-06-01T22:27:39.4142566","2026-06-02T01:50:06.2801607"
38,"franchise02","franchise02@ev.vn","0930000002","$2a$12$DemoHashForIE103DatabaseOnly","Dương Khánh Vân","Active",,"2026-06-01T22:27:39.4142566",
39,"franchise03","franchise03@ev.vn","0930000003","$2a$12$DemoHashForIE103DatabaseOnly","Lý Minh Châu","Active",,"2026-06-01T22:27:39.4142566",
40,"franchise04","franchise04@ev.vn","0930000004","$2a$12$DemoHashForIE103DatabaseOnly","Mai Hoàng Phúc","Active",,"2026-06-01T22:27:39.4142566",
41,"franchise05","franchise05@ev.vn","0930000005","$2a$12$DemoHashForIE103DatabaseOnly","Cao Thanh Ngân","Active",,"2026-06-01T22:27:39.4142566",
42,"franchise06","franchise06@ev.vn","0930000006","$2a$12$DemoHashForIE103DatabaseOnly","Phan Gia Hân","Active",,"2026-06-01T22:27:39.4142566",
43,"franchise07","franchise07@ev.vn","0930000007","$2a$12$DemoHashForIE103DatabaseOnly","Trịnh Quốc Bảo","Active",,"2026-06-01T22:27:39.4142566",
44,"franchise08","franchise08@ev.vn","0930000008","$2a$12$DemoHashForIE103DatabaseOnly","Lâm Ngọc Anh","Active",,"2026-06-01T22:27:39.4142566",
45,"franchise09","franchise09@ev.vn","0930000009","$2a$12$DemoHashForIE103DatabaseOnly","Huỳnh Minh Đức","Active",,"2026-06-01T22:27:39.4142566",
46,"franchise10","franchise10@ev.vn","0930000010","$2a$12$DemoHashForIE103DatabaseOnly","Vũ Thanh Thảo","Active",,"2026-06-01T22:27:39.4142566",
47,"franchise11","franchise11@ev.vn","0930000011","$2a$12$DemoHashForIE103DatabaseOnly","Nguyễn Đức Huy","Active",,"2026-06-01T22:27:39.4142566",
48,"franchise12","franchise12@ev.vn","0930000012","$2a$12$DemoHashForIE103DatabaseOnly","Trần Bảo Trân","Active",,"2026-06-01T22:27:39.4142566",
49,"franchise13","franchise13@ev.vn","0930000013","$2a$12$DemoHashForIE103DatabaseOnly","Lê Nhật Linh","Active",,"2026-06-01T22:27:39.4142566",
50,"franchise14","franchise14@ev.vn","0930000014","$2a$12$DemoHashForIE103DatabaseOnly","Phạm Minh Quân","Active",,"2026-06-01T22:27:39.4142566",
51,"franchise15","franchise15@ev.vn","0930000015","$2a$12$DemoHashForIE103DatabaseOnly","Hoàng Kim Chi","Active",,"2026-06-01T22:27:39.4142566",
52,"customer01","customer01@gmail.com","0910000001","$2a$12$DemoHashForIE103DatabaseOnly","Nguyễn Minh Anh 001","Active","2026-06-02T09:58:58.6822322","2023-12-05T00:00:00.0000000","2026-06-02T09:58:58.6822322"
53,"customer61","customer61@gmail.com","0910000061","$2a$12$DemoHashForIE103DatabaseOnly","Nguyễn Minh Anh 061","Active",,"2023-12-06T00:00:00.0000000",
54,"customer121","customer121@gmail.com","0910000121","$2a$12$DemoHashForIE103DatabaseOnly","Nguyễn Minh Anh 121","Active",,"2023-12-07T00:00:00.0000000",
55,"customer181","customer181@gmail.com","0910000181","$2a$12$DemoHashForIE103DatabaseOnly","Nguyễn Minh Anh 181","Active",,"2023-12-08T00:00:00.0000000",
56,"customer241","customer241@gmail.com","0910000241","$2a$12$DemoHashForIE103DatabaseOnly","Nguyễn Minh Anh 241","Active",,"2023-12-09T00:00:00.0000000",
57,"customer301","customer301@gmail.com","0910000301","$2a$12$DemoHashForIE103DatabaseOnly","Nguyễn Minh Anh 301","Active",,"2023-12-10T00:00:00.0000000",
58,"customer361","customer361@gmail.com","0910000361","$2a$12$DemoHashForIE103DatabaseOnly","Nguyễn Minh Anh 361","Active",,"2023-12-11T00:00:00.0000000",
59,"customer421","customer421@gmail.com","0910000421","$2a$12$DemoHashForIE103DatabaseOnly","Nguyễn Minh Anh 421","Active",,"2023-12-12T00:00:00.0000000",
60,"customer481","customer481@gmail.com","0910000481","$2a$12$DemoHashForIE103DatabaseOnly","Nguyễn Minh Anh 481","Active",,"2023-12-13T00:00:00.0000000",
61,"customer482","customer482@gmail.com","0910000482","$2a$12$DemoHashForIE103DatabaseOnly","Trần Hoàng Nam 482","Active",,"2023-12-14T00:00:00.0000000",
62,"customer422","customer422@gmail.com","0910000422","$2a$12$DemoHashForIE103DatabaseOnly","Trần Hoàng Nam 422","Active",,"2023-12-15T00:00:00.0000000",
63,"customer362","customer362@gmail.com","0910000362","$2a$12$DemoHashForIE103DatabaseOnly","Trần Hoàng Nam 362","Active",,"2023-12-16T00:00:00.0000000",
64,"customer302","customer302@gmail.com","0910000302","$2a$12$DemoHashForIE103DatabaseOnly","Trần Hoàng Nam 302","Active",,"2023-12-17T00:00:00.0000000",
65,"customer242","customer242@gmail.com","0910000242","$2a$12$DemoHashForIE103DatabaseOnly","Trần Hoàng Nam 242","Active",,"2023-12-18T00:00:00.0000000",
66,"customer182","customer182@gmail.com","0910000182","$2a$12$DemoHashForIE103DatabaseOnly","Trần Hoàng Nam 182","Active",,"2023-12-19T00:00:00.0000000",
67,"customer122","customer122@gmail.com","0910000122","$2a$12$DemoHashForIE103DatabaseOnly","Trần Hoàng Nam 122","Active",,"2023-12-20T00:00:00.0000000",
68,"customer62","customer62@gmail.com","0910000062","$2a$12$DemoHashForIE103DatabaseOnly","Trần Hoàng Nam 062","Active",,"2023-12-21T00:00:00.0000000",
69,"customer02","customer02@gmail.com","0910000002","$2a$12$DemoHashForIE103DatabaseOnly","Trần Hoàng Nam 002","Active",,"2023-12-22T00:00:00.0000000",
70,"customer03","customer03@gmail.com","0910000003","$2a$12$DemoHashForIE103DatabaseOnly","Lê Phương Thảo 003","Active",,"2023-12-23T00:00:00.0000000",
71,"customer63","customer63@gmail.com","0910000063","$2a$12$DemoHashForIE103DatabaseOnly","Lê Phương Thảo 063","Active",,"2023-12-24T00:00:00.0000000",
72,"customer123","customer123@gmail.com","0910000123","$2a$12$DemoHashForIE103DatabaseOnly","Lê Phương Thảo 123","Active",,"2023-12-25T00:00:00.0000000",
73,"customer183","customer183@gmail.com","0910000183","$2a$12$DemoHashForIE103DatabaseOnly","Lê Phương Thảo 183","Active",,"2023-12-26T00:00:00.0000000",
74,"customer243","customer243@gmail.com","0910000243","$2a$12$DemoHashForIE103DatabaseOnly","Lê Phương Thảo 243","Active",,"2023-12-27T00:00:00.0000000",
75,"customer303","customer303@gmail.com","0910000303","$2a$12$DemoHashForIE103DatabaseOnly","Lê Phương Thảo 303","Active",,"2023-12-28T00:00:00.0000000",
76,"customer363","customer363@gmail.com","0910000363","$2a$12$DemoHashForIE103DatabaseOnly","Lê Phương Thảo 363","Active",,"2023-12-29T00:00:00.0000000",
77,"customer423","customer423@gmail.com","0910000423","$2a$12$DemoHashForIE103DatabaseOnly","Lê Phương Thảo 423","Active",,"2023-12-30T00:00:00.0000000",
78,"customer483","customer483@gmail.com","0910000483","$2a$12$DemoHashForIE103DatabaseOnly","Lê Phương Thảo 483","Active",,"2023-12-31T00:00:00.0000000",
79,"customer484","customer484@gmail.com","0910000484","$2a$12$DemoHashForIE103DatabaseOnly","Phạm Gia Huy 484","Active",,"2024-01-01T00:00:00.0000000",
80,"customer424","customer424@gmail.com","0910000424","$2a$12$DemoHashForIE103DatabaseOnly","Phạm Gia Huy 424","Pending",,"2024-01-02T00:00:00.0000000",
81,"customer364","customer364@gmail.com","0910000364","$2a$12$DemoHashForIE103DatabaseOnly","Phạm Gia Huy 364","Active",,"2024-01-03T00:00:00.0000000",
82,"customer304","customer304@gmail.com","0910000304","$2a$12$DemoHashForIE103DatabaseOnly","Phạm Gia Huy 304","Active",,"2024-01-04T00:00:00.0000000",
83,"customer244","customer244@gmail.com","0910000244","$2a$12$DemoHashForIE103DatabaseOnly","Phạm Gia Huy 244","Active",,"2024-01-05T00:00:00.0000000",
84,"customer184","customer184@gmail.com","0910000184","$2a$12$DemoHashForIE103DatabaseOnly","Phạm Gia Huy 184","Active",,"2024-01-06T00:00:00.0000000",
85,"customer124","customer124@gmail.com","0910000124","$2a$12$DemoHashForIE103DatabaseOnly","Phạm Gia Huy 124","Active",,"2024-01-07T00:00:00.0000000",
86,"customer64","customer64@gmail.com","0910000064","$2a$12$DemoHashForIE103DatabaseOnly","Phạm Gia Huy 064","Active",,"2024-01-08T00:00:00.0000000",
87,"customer04","customer04@gmail.com","0910000004","$2a$12$DemoHashForIE103DatabaseOnly","Phạm Gia Huy 004","Active",,"2024-01-09T00:00:00.0000000",
88,"customer05","customer05@gmail.com","0910000005","FEATURE-DEMO-RESET-HASH","Hoàng Thu Hà 005","Active",,"2024-01-10T00:00:00.0000000","2026-06-02T15:54:24.9153780"
89,"customer65","customer65@gmail.com","0910000065","$2a$12$DemoHashForIE103DatabaseOnly","Hoàng Thu Hà 065","Active",,"2024-01-11T00:00:00.0000000",
90,"customer125","customer125@gmail.com","0910000125","$2a$12$DemoHashForIE103DatabaseOnly","Hoàng Thu Hà 125","Active",,"2024-01-12T00:00:00.0000000",
91,"customer185","customer185@gmail.com","0910000185","$2a$12$DemoHashForIE103DatabaseOnly","Hoàng Thu Hà 185","Active",,"2024-01-13T00:00:00.0000000",
92,"customer245","customer245@gmail.com","0910000245","$2a$12$DemoHashForIE103DatabaseOnly","Hoàng Thu Hà 245","Active",,"2024-01-14T00:00:00.0000000",
93,"customer305","customer305@gmail.com","0910000305","$2a$12$DemoHashForIE103DatabaseOnly","Hoàng Thu Hà 305","Active",,"2024-01-15T00:00:00.0000000",
94,"customer365","customer365@gmail.com","0910000365","$2a$12$DemoHashForIE103DatabaseOnly","Hoàng Thu Hà 365","Active",,"2024-01-16T00:00:00.0000000",
95,"customer425","customer425@gmail.com","0910000425","$2a$12$DemoHashForIE103DatabaseOnly","Hoàng Thu Hà 425","Active",,"2024-01-17T00:00:00.0000000",
96,"customer485","customer485@gmail.com","0910000485","$2a$12$DemoHashForIE103DatabaseOnly","Hoàng Thu Hà 485","Locked",,"2024-01-18T00:00:00.0000000",
97,"customer486","customer486@gmail.com","0910000486","$2a$12$DemoHashForIE103DatabaseOnly","Võ Quang Huy 486","Active",,"2024-01-19T00:00:00.0000000",
98,"customer426","customer426@gmail.com","0910000426","$2a$12$DemoHashForIE103DatabaseOnly","Võ Quang Huy 426","Suspended",,"2024-01-20T00:00:00.0000000",
99,"customer366","customer366@gmail.com","0910000366","$2a$12$DemoHashForIE103DatabaseOnly","Võ Quang Huy 366","Active",,"2024-01-21T00:00:00.0000000",
100,"customer306","customer306@gmail.com","0910000306","$2a$12$DemoHashForIE103DatabaseOnly","Võ Quang Huy 306","Active",,"2024-01-22T00:00:00.0000000",
101,"customer246","customer246@gmail.com","0910000246","$2a$12$DemoHashForIE103DatabaseOnly","Võ Quang Huy 246","Active",,"2024-01-23T00:00:00.0000000",
102,"customer186","customer186@gmail.com","0910000186","$2a$12$DemoHashForIE103DatabaseOnly","Võ Quang Huy 186","Active",,"2024-01-24T00:00:00.0000000",
103,"customer126","customer126@gmail.com","0910000126","$2a$12$DemoHashForIE103DatabaseOnly","Võ Quang Huy 126","Active",,"2024-01-25T00:00:00.0000000",
104,"customer66","customer66@gmail.com","0910000066","$2a$12$DemoHashForIE103DatabaseOnly","Võ Quang Huy 066","Active",,"2024-01-26T00:00:00.0000000",
105,"customer06","customer06@gmail.com","0910000006","$2a$12$DemoHashForIE103DatabaseOnly","Võ Quang Huy 006","Active",,"2024-01-27T00:00:00.0000000",
106,"customer07","customer07@gmail.com","0910000007","$2a$12$DemoHashForIE103DatabaseOnly","Đặng Bảo Ngọc 007","Active",,"2024-01-28T00:00:00.0000000",
107,"customer67","customer67@gmail.com","0910000067","$2a$12$DemoHashForIE103DatabaseOnly","Đặng Bảo Ngọc 067","Active",,"2024-01-29T00:00:00.0000000",
108,"customer127","customer127@gmail.com","0910000127","$2a$12$DemoHashForIE103DatabaseOnly","Đặng Bảo Ngọc 127","Active",,"2024-01-30T00:00:00.0000000",
109,"customer187","customer187@gmail.com","0910000187","$2a$12$DemoHashForIE103DatabaseOnly","Đặng Bảo Ngọc 187","Active",,"2024-01-31T00:00:00.0000000",
110,"customer247","customer247@gmail.com","0910000247","$2a$12$DemoHashForIE103DatabaseOnly","Đặng Bảo Ngọc 247","Active",,"2024-02-01T00:00:00.0000000",
111,"customer307","customer307@gmail.com","0910000307","$2a$12$DemoHashForIE103DatabaseOnly","Đặng Bảo Ngọc 307","Active",,"2024-02-02T00:00:00.0000000",
112,"customer367","customer367@gmail.com","0910000367","$2a$12$DemoHashForIE103DatabaseOnly","Đặng Bảo Ngọc 367","Active",,"2024-02-03T00:00:00.0000000",
113,"customer427","customer427@gmail.com","0910000427","$2a$12$DemoHashForIE103DatabaseOnly","Đặng Bảo Ngọc 427","Active",,"2024-02-04T00:00:00.0000000",
114,"customer487","customer487@gmail.com","0910000487","$2a$12$DemoHashForIE103DatabaseOnly","Đặng Bảo Ngọc 487","Active",,"2024-02-05T00:00:00.0000000",
115,"customer488","customer488@gmail.com","0910000488","$2a$12$DemoHashForIE103DatabaseOnly","Bùi Tuấn Kiệt 488","Active",,"2024-02-06T00:00:00.0000000",
116,"customer428","customer428@gmail.com","0910000428","$2a$12$DemoHashForIE103DatabaseOnly","Bùi Tuấn Kiệt 428","Active",,"2024-02-07T00:00:00.0000000",
117,"customer368","customer368@gmail.com","0910000368","$2a$12$DemoHashForIE103DatabaseOnly","Bùi Tuấn Kiệt 368","Active",,"2024-02-08T00:00:00.0000000",
118,"customer308","customer308@gmail.com","0910000308","$2a$12$DemoHashForIE103DatabaseOnly","Bùi Tuấn Kiệt 308","Active",,"2024-02-09T00:00:00.0000000",
119,"customer248","customer248@gmail.com","0910000248","$2a$12$DemoHashForIE103DatabaseOnly","Bùi Tuấn Kiệt 248","Active",,"2024-02-10T00:00:00.0000000",
120,"customer188","customer188@gmail.com","0910000188","$2a$12$DemoHashForIE103DatabaseOnly","Bùi Tuấn Kiệt 188","Active",,"2024-02-11T00:00:00.0000000",
121,"customer128","customer128@gmail.com","0910000128","$2a$12$DemoHashForIE103DatabaseOnly","Bùi Tuấn Kiệt 128","Active",,"2024-02-12T00:00:00.0000000",
122,"customer68","customer68@gmail.com","0910000068","$2a$12$DemoHashForIE103DatabaseOnly","Bùi Tuấn Kiệt 068","Active",,"2024-02-13T00:00:00.0000000",
123,"customer08","customer08@gmail.com","0910000008","$2a$12$DemoHashForIE103DatabaseOnly","Bùi Tuấn Kiệt 008","Active",,"2024-02-14T00:00:00.0000000",
124,"customer09","customer09@gmail.com","0910000009","$2a$12$DemoHashForIE103DatabaseOnly","Đỗ Khánh Linh 009","Active",,"2024-02-15T00:00:00.0000000",
125,"customer69","customer69@gmail.com","0910000069","$2a$12$DemoHashForIE103DatabaseOnly","Đỗ Khánh Linh 069","Active",,"2024-02-16T00:00:00.0000000",
126,"customer129","customer129@gmail.com","0910000129","$2a$12$DemoHashForIE103DatabaseOnly","Đỗ Khánh Linh 129","Active",,"2024-02-17T00:00:00.0000000",
127,"customer189","customer189@gmail.com","0910000189","$2a$12$DemoHashForIE103DatabaseOnly","Đỗ Khánh Linh 189","Active",,"2024-02-18T00:00:00.0000000",
128,"customer249","customer249@gmail.com","0910000249","$2a$12$DemoHashForIE103DatabaseOnly","Đỗ Khánh Linh 249","Active",,"2024-02-19T00:00:00.0000000",
129,"customer309","customer309@gmail.com","0910000309","$2a$12$DemoHashForIE103DatabaseOnly","Đỗ Khánh Linh 309","Active",,"2024-02-20T00:00:00.0000000",
130,"customer369","customer369@gmail.com","0910000369","$2a$12$DemoHashForIE103DatabaseOnly","Đỗ Khánh Linh 369","Active",,"2024-02-21T00:00:00.0000000",
131,"customer429","customer429@gmail.com","0910000429","$2a$12$DemoHashForIE103DatabaseOnly","Đỗ Khánh Linh 429","Active",,"2024-02-22T00:00:00.0000000",
132,"customer489","customer489@gmail.com","0910000489","$2a$12$DemoHashForIE103DatabaseOnly","Đỗ Khánh Linh 489","Active",,"2024-02-23T00:00:00.0000000",
133,"customer490","customer490@gmail.com","0910000490","$2a$12$DemoHashForIE103DatabaseOnly","Ngô Đức Anh 490","Active",,"2024-02-24T00:00:00.0000000",
134,"customer430","customer430@gmail.com","0910000430","$2a$12$DemoHashForIE103DatabaseOnly","Ngô Đức Anh 430","Active",,"2024-02-25T00:00:00.0000000",
135,"customer370","customer370@gmail.com","0910000370","$2a$12$DemoHashForIE103DatabaseOnly","Ngô Đức Anh 370","Active",,"2024-02-26T00:00:00.0000000",
136,"customer310","customer310@gmail.com","0910000310","$2a$12$DemoHashForIE103DatabaseOnly","Ngô Đức Anh 310","Active",,"2024-02-27T00:00:00.0000000",
137,"customer250","customer250@gmail.com","0910000250","$2a$12$DemoHashForIE103DatabaseOnly","Ngô Đức Anh 250","Active",,"2024-02-28T00:00:00.0000000",
138,"customer190","customer190@gmail.com","0910000190","$2a$12$DemoHashForIE103DatabaseOnly","Ngô Đức Anh 190","Active",,"2024-02-29T00:00:00.0000000",
139,"customer130","customer130@gmail.com","0910000130","$2a$12$DemoHashForIE103DatabaseOnly","Ngô Đức Anh 130","Active",,"2024-03-01T00:00:00.0000000",
140,"customer70","customer70@gmail.com","0910000070","$2a$12$DemoHashForIE103DatabaseOnly","Ngô Đức Anh 070","Active",,"2024-03-02T00:00:00.0000000",
141,"customer10","customer10@gmail.com","0910000010","$2a$12$DemoHashForIE103DatabaseOnly","Ngô Đức Anh 010","Active",,"2024-03-03T00:00:00.0000000",
142,"customer11","customer11@gmail.com","0910000011","$2a$12$DemoHashForIE103DatabaseOnly","Dương Nhật Minh 011","Active",,"2024-03-04T00:00:00.0000000",
143,"customer71","customer71@gmail.com","0910000071","$2a$12$DemoHashForIE103DatabaseOnly","Dương Nhật Minh 071","Suspended",,"2024-03-05T00:00:00.0000000",
144,"customer131","customer131@gmail.com","0910000131","$2a$12$DemoHashForIE103DatabaseOnly","Dương Nhật Minh 131","Active",,"2024-03-06T00:00:00.0000000",
145,"customer191","customer191@gmail.com","0910000191","$2a$12$DemoHashForIE103DatabaseOnly","Dương Nhật Minh 191","Active",,"2024-03-07T00:00:00.0000000",
146,"customer251","customer251@gmail.com","0910000251","$2a$12$DemoHashForIE103DatabaseOnly","Dương Nhật Minh 251","Active",,"2024-03-08T00:00:00.0000000",
147,"customer311","customer311@gmail.com","0910000311","$2a$12$DemoHashForIE103DatabaseOnly","Dương Nhật Minh 311","Active",,"2024-03-09T00:00:00.0000000",
148,"customer371","customer371@gmail.com","0910000371","$2a$12$DemoHashForIE103DatabaseOnly","Dương Nhật Minh 371","Pending",,"2024-03-10T00:00:00.0000000",
149,"customer431","customer431@gmail.com","0910000431","$2a$12$DemoHashForIE103DatabaseOnly","Dương Nhật Minh 431","Active",,"2024-03-11T00:00:00.0000000",
150,"customer491","customer491@gmail.com","0910000491","$2a$12$DemoHashForIE103DatabaseOnly","Dương Nhật Minh 491","Active",,"2024-03-12T00:00:00.0000000",
151,"customer492","customer492@gmail.com","0910000492","$2a$12$DemoHashForIE103DatabaseOnly","Lý Thanh Trúc 492","Active",,"2024-03-13T00:00:00.0000000",
152,"customer432","customer432@gmail.com","0910000432","$2a$12$DemoHashForIE103DatabaseOnly","Lý Thanh Trúc 432","Active",,"2024-03-14T00:00:00.0000000",
153,"customer372","customer372@gmail.com","0910000372","$2a$12$DemoHashForIE103DatabaseOnly","Lý Thanh Trúc 372","Active",,"2024-03-15T00:00:00.0000000",
154,"customer312","customer312@gmail.com","0910000312","$2a$12$DemoHashForIE103DatabaseOnly","Lý Thanh Trúc 312","Active",,"2024-03-16T00:00:00.0000000",
155,"customer252","customer252@gmail.com","0910000252","$2a$12$DemoHashForIE103DatabaseOnly","Lý Thanh Trúc 252","Active",,"2024-03-17T00:00:00.0000000",
156,"customer192","customer192@gmail.com","0910000192","$2a$12$DemoHashForIE103DatabaseOnly","Lý Thanh Trúc 192","Active",,"2024-03-18T00:00:00.0000000",
157,"customer132","customer132@gmail.com","0910000132","$2a$12$DemoHashForIE103DatabaseOnly","Lý Thanh Trúc 132","Active",,"2024-03-19T00:00:00.0000000",
158,"customer72","customer72@gmail.com","0910000072","$2a$12$DemoHashForIE103DatabaseOnly","Lý Thanh Trúc 072","Active",,"2024-03-20T00:00:00.0000000",
159,"customer12","customer12@gmail.com","0910000012","$2a$12$DemoHashForIE103DatabaseOnly","Lý Thanh Trúc 012","Active",,"2024-03-21T00:00:00.0000000",
160,"customer13","customer13@gmail.com","0910000013","$2a$12$DemoHashForIE103DatabaseOnly","Mai Anh Quân 013","Active",,"2024-03-22T00:00:00.0000000",
161,"customer73","customer73@gmail.com","0910000073","$2a$12$DemoHashForIE103DatabaseOnly","Mai Anh Quân 073","Active",,"2024-03-23T00:00:00.0000000",
162,"customer133","customer133@gmail.com","0910000133","$2a$12$DemoHashForIE103DatabaseOnly","Mai Anh Quân 133","Active",,"2024-03-24T00:00:00.0000000",
163,"customer193","customer193@gmail.com","0910000193","$2a$12$DemoHashForIE103DatabaseOnly","Mai Anh Quân 193","Active",,"2024-03-25T00:00:00.0000000",
164,"customer253","customer253@gmail.com","0910000253","$2a$12$DemoHashForIE103DatabaseOnly","Mai Anh Quân 253","Active",,"2024-03-26T00:00:00.0000000",
165,"customer313","customer313@gmail.com","0910000313","$2a$12$DemoHashForIE103DatabaseOnly","Mai Anh Quân 313","Active",,"2024-03-27T00:00:00.0000000",
166,"customer373","customer373@gmail.com","0910000373","$2a$12$DemoHashForIE103DatabaseOnly","Mai Anh Quân 373","Active",,"2024-03-28T00:00:00.0000000",
167,"customer433","customer433@gmail.com","0910000433","$2a$12$DemoHashForIE103DatabaseOnly","Mai Anh Quân 433","Active",,"2024-03-29T00:00:00.0000000",
168,"customer493","customer493@gmail.com","0910000493","$2a$12$DemoHashForIE103DatabaseOnly","Mai Anh Quân 493","Active",,"2024-03-30T00:00:00.0000000",
169,"customer494","customer494@gmail.com","0910000494","$2a$12$DemoHashForIE103DatabaseOnly","Cao Ngọc Hân 494","Active",,"2024-03-31T00:00:00.0000000",
170,"customer434","customer434@gmail.com","0910000434","$2a$12$DemoHashForIE103DatabaseOnly","Cao Ngọc Hân 434","Active",,"2024-04-01T00:00:00.0000000",
171,"customer374","customer374@gmail.com","0910000374","$2a$12$DemoHashForIE103DatabaseOnly","Cao Ngọc Hân 374","Active",,"2024-04-02T00:00:00.0000000",
172,"customer314","customer314@gmail.com","0910000314","$2a$12$DemoHashForIE103DatabaseOnly","Cao Ngọc Hân 314","Active",,"2024-04-03T00:00:00.0000000",
173,"customer254","customer254@gmail.com","0910000254","$2a$12$DemoHashForIE103DatabaseOnly","Cao Ngọc Hân 254","Active",,"2024-04-04T00:00:00.0000000",
174,"customer194","customer194@gmail.com","0910000194","$2a$12$DemoHashForIE103DatabaseOnly","Cao Ngọc Hân 194","Locked",,"2024-04-05T00:00:00.0000000",
175,"customer134","customer134@gmail.com","0910000134","$2a$12$DemoHashForIE103DatabaseOnly","Cao Ngọc Hân 134","Active",,"2024-04-06T00:00:00.0000000",
176,"customer74","customer74@gmail.com","0910000074","$2a$12$DemoHashForIE103DatabaseOnly","Cao Ngọc Hân 074","Active",,"2024-04-07T00:00:00.0000000",
177,"customer14","customer14@gmail.com","0910000014","$2a$12$DemoHashForIE103DatabaseOnly","Cao Ngọc Hân 014","Active",,"2024-04-08T00:00:00.0000000",
178,"customer15","customer15@gmail.com","0910000015","$2a$12$DemoHashForIE103DatabaseOnly","Phan Quỳnh Như 015","Active",,"2024-04-09T00:00:00.0000000",
179,"customer75","customer75@gmail.com","0910000075","$2a$12$DemoHashForIE103DatabaseOnly","Phan Quỳnh Như 075","Active",,"2024-04-10T00:00:00.0000000",
180,"customer135","customer135@gmail.com","0910000135","$2a$12$DemoHashForIE103DatabaseOnly","Phan Quỳnh Như 135","Active",,"2024-04-11T00:00:00.0000000",
181,"customer195","customer195@gmail.com","0910000195","$2a$12$DemoHashForIE103DatabaseOnly","Phan Quỳnh Như 195","Active",,"2024-04-12T00:00:00.0000000",
182,"customer255","customer255@gmail.com","0910000255","$2a$12$DemoHashForIE103DatabaseOnly","Phan Quỳnh Như 255","Active",,"2024-04-13T00:00:00.0000000",
183,"customer315","customer315@gmail.com","0910000315","$2a$12$DemoHashForIE103DatabaseOnly","Phan Quỳnh Như 315","Active",,"2024-04-14T00:00:00.0000000",
184,"customer375","customer375@gmail.com","0910000375","$2a$12$DemoHashForIE103DatabaseOnly","Phan Quỳnh Như 375","Active",,"2024-04-15T00:00:00.0000000",
185,"customer435","customer435@gmail.com","0910000435","$2a$12$DemoHashForIE103DatabaseOnly","Phan Quỳnh Như 435","Active",,"2024-04-16T00:00:00.0000000",
186,"customer495","customer495@gmail.com","0910000495","$2a$12$DemoHashForIE103DatabaseOnly","Phan Quỳnh Như 495","Active",,"2024-04-17T00:00:00.0000000",
187,"customer496","customer496@gmail.com","0910000496","$2a$12$DemoHashForIE103DatabaseOnly","Trịnh Việt Hoàng 496","Active",,"2024-04-18T00:00:00.0000000",
188,"customer436","customer436@gmail.com","0910000436","$2a$12$DemoHashForIE103DatabaseOnly","Trịnh Việt Hoàng 436","Active",,"2024-04-19T00:00:00.0000000",
189,"customer376","customer376@gmail.com","0910000376","$2a$12$DemoHashForIE103DatabaseOnly","Trịnh Việt Hoàng 376","Active",,"2024-04-20T00:00:00.0000000",
190,"customer316","customer316@gmail.com","0910000316","$2a$12$DemoHashForIE103DatabaseOnly","Trịnh Việt Hoàng 316","Active",,"2024-04-21T00:00:00.0000000",
191,"customer256","customer256@gmail.com","0910000256","$2a$12$DemoHashForIE103DatabaseOnly","Trịnh Việt Hoàng 256","Active",,"2024-04-22T00:00:00.0000000",
192,"customer196","customer196@gmail.com","0910000196","$2a$12$DemoHashForIE103DatabaseOnly","Trịnh Việt Hoàng 196","Active",,"2024-04-23T00:00:00.0000000",
193,"customer136","customer136@gmail.com","0910000136","$2a$12$DemoHashForIE103DatabaseOnly","Trịnh Việt Hoàng 136","Active",,"2024-04-24T00:00:00.0000000",
194,"customer76","customer76@gmail.com","0910000076","$2a$12$DemoHashForIE103DatabaseOnly","Trịnh Việt Hoàng 076","Active",,"2024-04-25T00:00:00.0000000",
195,"customer16","customer16@gmail.com","0910000016","$2a$12$DemoHashForIE103DatabaseOnly","Trịnh Việt Hoàng 016","Active",,"2024-04-26T00:00:00.0000000",
196,"customer17","customer17@gmail.com","0910000017","$2a$12$DemoHashForIE103DatabaseOnly","Lâm Bảo Châu 017","Active",,"2024-04-27T00:00:00.0000000",
197,"customer77","customer77@gmail.com","0910000077","$2a$12$DemoHashForIE103DatabaseOnly","Lâm Bảo Châu 077","Active",,"2024-04-28T00:00:00.0000000",
198,"customer137","customer137@gmail.com","0910000137","$2a$12$DemoHashForIE103DatabaseOnly","Lâm Bảo Châu 137","Active",,"2024-04-29T00:00:00.0000000",
199,"customer197","customer197@gmail.com","0910000197","$2a$12$DemoHashForIE103DatabaseOnly","Lâm Bảo Châu 197","Active",,"2024-04-30T00:00:00.0000000",
200,"customer257","customer257@gmail.com","0910000257","$2a$12$DemoHashForIE103DatabaseOnly","Lâm Bảo Châu 257","Active",,"2024-05-01T00:00:00.0000000",
201,"customer317","customer317@gmail.com","0910000317","$2a$12$DemoHashForIE103DatabaseOnly","Lâm Bảo Châu 317","Active",,"2024-05-02T00:00:00.0000000",
202,"customer377","customer377@gmail.com","0910000377","$2a$12$DemoHashForIE103DatabaseOnly","Lâm Bảo Châu 377","Active",,"2024-05-03T00:00:00.0000000",
203,"customer437","customer437@gmail.com","0910000437","$2a$12$DemoHashForIE103DatabaseOnly","Lâm Bảo Châu 437","Active",,"2024-05-04T00:00:00.0000000",
204,"customer497","customer497@gmail.com","0910000497","$2a$12$DemoHashForIE103DatabaseOnly","Lâm Bảo Châu 497","Suspended",,"2024-05-05T00:00:00.0000000",
205,"customer498","customer498@gmail.com","0910000498","$2a$12$DemoHashForIE103DatabaseOnly","Huỳnh Thành Đạt 498","Active",,"2024-05-06T00:00:00.0000000",
206,"customer438","customer438@gmail.com","0910000438","$2a$12$DemoHashForIE103DatabaseOnly","Huỳnh Thành Đạt 438","Active",,"2024-05-07T00:00:00.0000000",
207,"customer378","customer378@gmail.com","0910000378","$2a$12$DemoHashForIE103DatabaseOnly","Huỳnh Thành Đạt 378","Active",,"2024-05-08T00:00:00.0000000",
208,"customer318","customer318@gmail.com","0910000318","$2a$12$DemoHashForIE103DatabaseOnly","Huỳnh Thành Đạt 318","Pending",,"2024-05-09T00:00:00.0000000",
209,"customer258","customer258@gmail.com","0910000258","$2a$12$DemoHashForIE103DatabaseOnly","Huỳnh Thành Đạt 258","Active",,"2024-05-10T00:00:00.0000000",
210,"customer198","customer198@gmail.com","0910000198","$2a$12$DemoHashForIE103DatabaseOnly","Huỳnh Thành Đạt 198","Active",,"2024-05-11T00:00:00.0000000",
211,"customer138","customer138@gmail.com","0910000138","$2a$12$DemoHashForIE103DatabaseOnly","Huỳnh Thành Đạt 138","Active",,"2024-05-12T00:00:00.0000000",
212,"customer78","customer78@gmail.com","0910000078","$2a$12$DemoHashForIE103DatabaseOnly","Huỳnh Thành Đạt 078","Active",,"2024-05-13T00:00:00.0000000",
213,"customer18","customer18@gmail.com","0910000018","$2a$12$DemoHashForIE103DatabaseOnly","Huỳnh Thành Đạt 018","Active",,"2024-05-14T00:00:00.0000000",
214,"customer19","customer19@gmail.com","0910000019","$2a$12$DemoHashForIE103DatabaseOnly","Vũ Hà My 019","Active",,"2024-05-15T00:00:00.0000000",
215,"customer79","customer79@gmail.com","0910000079","$2a$12$DemoHashForIE103DatabaseOnly","Vũ Hà My 079","Active",,"2024-05-16T00:00:00.0000000",
216,"customer139","customer139@gmail.com","0910000139","$2a$12$DemoHashForIE103DatabaseOnly","Vũ Hà My 139","Active",,"2024-05-17T00:00:00.0000000",
217,"customer199","customer199@gmail.com","0910000199","$2a$12$DemoHashForIE103DatabaseOnly","Vũ Hà My 199","Active",,"2024-05-18T00:00:00.0000000",
218,"customer259","customer259@gmail.com","0910000259","$2a$12$DemoHashForIE103DatabaseOnly","Vũ Hà My 259","Active",,"2024-05-19T00:00:00.0000000",
219,"customer319","customer319@gmail.com","0910000319","$2a$12$DemoHashForIE103DatabaseOnly","Vũ Hà My 319","Active",,"2024-05-20T00:00:00.0000000",
220,"customer379","customer379@gmail.com","0910000379","$2a$12$DemoHashForIE103DatabaseOnly","Vũ Hà My 379","Active",,"2024-05-21T00:00:00.0000000",
221,"customer439","customer439@gmail.com","0910000439","$2a$12$DemoHashForIE103DatabaseOnly","Vũ Hà My 439","Active",,"2024-05-22T00:00:00.0000000",
222,"customer499","customer499@gmail.com","0910000499","$2a$12$DemoHashForIE103DatabaseOnly","Vũ Hà My 499","Active",,"2024-05-23T00:00:00.0000000",
223,"customer500","customer500@gmail.com","0910000500","$2a$12$DemoHashForIE103DatabaseOnly","Nguyễn Bảo Long 500","Active",,"2024-05-24T00:00:00.0000000",
224,"customer440","customer440@gmail.com","0910000440","$2a$12$DemoHashForIE103DatabaseOnly","Nguyễn Bảo Long 440","Active",,"2024-05-25T00:00:00.0000000",
225,"customer380","customer380@gmail.com","0910000380","$2a$12$DemoHashForIE103DatabaseOnly","Nguyễn Bảo Long 380","Active",,"2024-05-26T00:00:00.0000000",
226,"customer320","customer320@gmail.com","0910000320","$2a$12$DemoHashForIE103DatabaseOnly","Nguyễn Bảo Long 320","Active",,"2024-05-27T00:00:00.0000000",
227,"customer260","customer260@gmail.com","0910000260","$2a$12$DemoHashForIE103DatabaseOnly","Nguyễn Bảo Long 260","Active",,"2024-05-28T00:00:00.0000000",
228,"customer200","customer200@gmail.com","0910000200","$2a$12$DemoHashForIE103DatabaseOnly","Nguyễn Bảo Long 200","Active",,"2024-05-29T00:00:00.0000000",
229,"customer140","customer140@gmail.com","0910000140","$2a$12$DemoHashForIE103DatabaseOnly","Nguyễn Bảo Long 140","Active",,"2024-05-30T00:00:00.0000000",
230,"customer80","customer80@gmail.com","0910000080","$2a$12$DemoHashForIE103DatabaseOnly","Nguyễn Bảo Long 080","Active",,"2024-05-31T00:00:00.0000000",
231,"customer20","customer20@gmail.com","0910000020","$2a$12$DemoHashForIE103DatabaseOnly","Nguyễn Bảo Long 020","Active",,"2023-12-04T00:00:00.0000000",
232,"customer21","customer21@gmail.com","0910000021","$2a$12$DemoHashForIE103DatabaseOnly","Trần Minh Khang 021","Active",,"2023-12-05T00:00:00.0000000",
233,"customer81","customer81@gmail.com","0910000081","$2a$12$DemoHashForIE103DatabaseOnly","Trần Minh Khang 081","Active",,"2023-12-06T00:00:00.0000000",
234,"customer141","customer141@gmail.com","0910000141","$2a$12$DemoHashForIE103DatabaseOnly","Trần Minh Khang 141","Active",,"2023-12-07T00:00:00.0000000",
235,"customer201","customer201@gmail.com","0910000201","$2a$12$DemoHashForIE103DatabaseOnly","Trần Minh Khang 201","Active",,"2023-12-08T00:00:00.0000000",
236,"customer261","customer261@gmail.com","0910000261","$2a$12$DemoHashForIE103DatabaseOnly","Trần Minh Khang 261","Active",,"2023-12-09T00:00:00.0000000",
237,"customer321","customer321@gmail.com","0910000321","$2a$12$DemoHashForIE103DatabaseOnly","Trần Minh Khang 321","Active",,"2023-12-10T00:00:00.0000000",
238,"customer381","customer381@gmail.com","0910000381","$2a$12$DemoHashForIE103DatabaseOnly","Trần Minh Khang 381","Active",,"2023-12-11T00:00:00.0000000",
239,"customer441","customer441@gmail.com","0910000441","$2a$12$DemoHashForIE103DatabaseOnly","Trần Minh Khang 441","Active",,"2023-12-12T00:00:00.0000000",
240,"customer442","customer442@gmail.com","0910000442","$2a$12$DemoHashForIE103DatabaseOnly","Lê Ngọc Mai 442","Active",,"2023-12-13T00:00:00.0000000",
241,"customer382","customer382@gmail.com","0910000382","$2a$12$DemoHashForIE103DatabaseOnly","Lê Ngọc Mai 382","Active",,"2023-12-14T00:00:00.0000000",
242,"customer322","customer322@gmail.com","0910000322","$2a$12$DemoHashForIE103DatabaseOnly","Lê Ngọc Mai 322","Active",,"2023-12-15T00:00:00.0000000",
243,"customer262","customer262@gmail.com","0910000262","$2a$12$DemoHashForIE103DatabaseOnly","Lê Ngọc Mai 262","Active",,"2023-12-16T00:00:00.0000000",
244,"customer202","customer202@gmail.com","0910000202","$2a$12$DemoHashForIE103DatabaseOnly","Lê Ngọc Mai 202","Active",,"2023-12-17T00:00:00.0000000",
245,"customer142","customer142@gmail.com","0910000142","$2a$12$DemoHashForIE103DatabaseOnly","Lê Ngọc Mai 142","Suspended",,"2023-12-18T00:00:00.0000000",
246,"customer82","customer82@gmail.com","0910000082","$2a$12$DemoHashForIE103DatabaseOnly","Lê Ngọc Mai 082","Active",,"2023-12-19T00:00:00.0000000",
247,"customer22","customer22@gmail.com","0910000022","$2a$12$DemoHashForIE103DatabaseOnly","Lê Ngọc Mai 022","Active",,"2023-12-20T00:00:00.0000000",
248,"customer23","customer23@gmail.com","0910000023","$2a$12$DemoHashForIE103DatabaseOnly","Phạm Tiến Đạt 023","Active",,"2023-12-21T00:00:00.0000000",
249,"customer83","customer83@gmail.com","0910000083","$2a$12$DemoHashForIE103DatabaseOnly","Phạm Tiến Đạt 083","Active",,"2023-12-22T00:00:00.0000000",
250,"customer143","customer143@gmail.com","0910000143","$2a$12$DemoHashForIE103DatabaseOnly","Phạm Tiến Đạt 143","Active",,"2023-12-23T00:00:00.0000000",
251,"customer203","customer203@gmail.com","0910000203","$2a$12$DemoHashForIE103DatabaseOnly","Phạm Tiến Đạt 203","Active",,"2023-12-24T00:00:00.0000000",
252,"customer263","customer263@gmail.com","0910000263","$2a$12$DemoHashForIE103DatabaseOnly","Phạm Tiến Đạt 263","Active",,"2023-12-25T00:00:00.0000000",
253,"customer323","customer323@gmail.com","0910000323","$2a$12$DemoHashForIE103DatabaseOnly","Phạm Tiến Đạt 323","Active",,"2023-12-26T00:00:00.0000000",
254,"customer383","customer383@gmail.com","0910000383","$2a$12$DemoHashForIE103DatabaseOnly","Phạm Tiến Đạt 383","Active",,"2023-12-27T00:00:00.0000000",
255,"customer443","customer443@gmail.com","0910000443","$2a$12$DemoHashForIE103DatabaseOnly","Phạm Tiến Đạt 443","Active",,"2023-12-28T00:00:00.0000000",
256,"customer444","customer444@gmail.com","0910000444","$2a$12$DemoHashForIE103DatabaseOnly","Hoàng Yến Nhi 444","Active",,"2023-12-29T00:00:00.0000000",
257,"customer384","customer384@gmail.com","0910000384","$2a$12$DemoHashForIE103DatabaseOnly","Hoàng Yến Nhi 384","Active",,"2023-12-30T00:00:00.0000000",
258,"customer324","customer324@gmail.com","0910000324","$2a$12$DemoHashForIE103DatabaseOnly","Hoàng Yến Nhi 324","Active",,"2023-12-31T00:00:00.0000000",
259,"customer264","customer264@gmail.com","0910000264","$2a$12$DemoHashForIE103DatabaseOnly","Hoàng Yến Nhi 264","Active",,"2024-01-01T00:00:00.0000000",
260,"customer204","customer204@gmail.com","0910000204","$2a$12$DemoHashForIE103DatabaseOnly","Hoàng Yến Nhi 204","Active",,"2024-01-02T00:00:00.0000000",
261,"customer144","customer144@gmail.com","0910000144","$2a$12$DemoHashForIE103DatabaseOnly","Hoàng Yến Nhi 144","Active",,"2024-01-03T00:00:00.0000000",
262,"customer84","customer84@gmail.com","0910000084","$2a$12$DemoHashForIE103DatabaseOnly","Hoàng Yến Nhi 084","Active",,"2024-01-04T00:00:00.0000000",
263,"customer24","customer24@gmail.com","0910000024","$2a$12$DemoHashForIE103DatabaseOnly","Hoàng Yến Nhi 024","Active",,"2024-01-05T00:00:00.0000000",
264,"customer25","customer25@gmail.com","0910000025","$2a$12$DemoHashForIE103DatabaseOnly","Võ Gia Bảo 025","Active",,"2024-01-06T00:00:00.0000000",
265,"customer85","customer85@gmail.com","0910000085","$2a$12$DemoHashForIE103DatabaseOnly","Võ Gia Bảo 085","Active",,"2024-01-07T00:00:00.0000000",
266,"customer145","customer145@gmail.com","0910000145","$2a$12$DemoHashForIE103DatabaseOnly","Võ Gia Bảo 145","Active",,"2024-01-08T00:00:00.0000000",
267,"customer205","customer205@gmail.com","0910000205","$2a$12$DemoHashForIE103DatabaseOnly","Võ Gia Bảo 205","Active",,"2024-01-09T00:00:00.0000000",
268,"customer265","customer265@gmail.com","0910000265","$2a$12$DemoHashForIE103DatabaseOnly","Võ Gia Bảo 265","Pending",,"2024-01-10T00:00:00.0000000",
269,"customer325","customer325@gmail.com","0910000325","$2a$12$DemoHashForIE103DatabaseOnly","Võ Gia Bảo 325","Active",,"2024-01-11T00:00:00.0000000",
270,"customer385","customer385@gmail.com","0910000385","$2a$12$DemoHashForIE103DatabaseOnly","Võ Gia Bảo 385","Active",,"2024-01-12T00:00:00.0000000",
271,"customer445","customer445@gmail.com","0910000445","$2a$12$DemoHashForIE103DatabaseOnly","Võ Gia Bảo 445","Active",,"2024-01-13T00:00:00.0000000",
272,"customer446","customer446@gmail.com","0910000446","$2a$12$DemoHashForIE103DatabaseOnly","Đặng Thanh Tâm 446","Active",,"2024-01-14T00:00:00.0000000",
273,"customer386","customer386@gmail.com","0910000386","$2a$12$DemoHashForIE103DatabaseOnly","Đặng Thanh Tâm 386","Active",,"2024-01-15T00:00:00.0000000",
274,"customer326","customer326@gmail.com","0910000326","$2a$12$DemoHashForIE103DatabaseOnly","Đặng Thanh Tâm 326","Active",,"2024-01-16T00:00:00.0000000",
275,"customer266","customer266@gmail.com","0910000266","$2a$12$DemoHashForIE103DatabaseOnly","Đặng Thanh Tâm 266","Active",,"2024-01-17T00:00:00.0000000",
276,"customer206","customer206@gmail.com","0910000206","$2a$12$DemoHashForIE103DatabaseOnly","Đặng Thanh Tâm 206","Active",,"2024-01-18T00:00:00.0000000",
277,"customer146","customer146@gmail.com","0910000146","$2a$12$DemoHashForIE103DatabaseOnly","Đặng Thanh Tâm 146","Active",,"2024-01-19T00:00:00.0000000",
278,"customer86","customer86@gmail.com","0910000086","$2a$12$DemoHashForIE103DatabaseOnly","Đặng Thanh Tâm 086","Active",,"2024-01-20T00:00:00.0000000",
279,"customer26","customer26@gmail.com","0910000026","$2a$12$DemoHashForIE103DatabaseOnly","Đặng Thanh Tâm 026","Active",,"2024-01-21T00:00:00.0000000",
280,"customer27","customer27@gmail.com","0910000027","$2a$12$DemoHashForIE103DatabaseOnly","Bùi Minh Trí 027","Active",,"2024-01-22T00:00:00.0000000",
281,"customer87","customer87@gmail.com","0910000087","$2a$12$DemoHashForIE103DatabaseOnly","Bùi Minh Trí 087","Active",,"2024-01-23T00:00:00.0000000",
282,"customer147","customer147@gmail.com","0910000147","$2a$12$DemoHashForIE103DatabaseOnly","Bùi Minh Trí 147","Active",,"2024-01-24T00:00:00.0000000",
283,"customer207","customer207@gmail.com","0910000207","$2a$12$DemoHashForIE103DatabaseOnly","Bùi Minh Trí 207","Active",,"2024-01-25T00:00:00.0000000",
284,"customer267","customer267@gmail.com","0910000267","$2a$12$DemoHashForIE103DatabaseOnly","Bùi Minh Trí 267","Active",,"2024-01-26T00:00:00.0000000",
285,"customer327","customer327@gmail.com","0910000327","$2a$12$DemoHashForIE103DatabaseOnly","Bùi Minh Trí 327","Active",,"2024-01-27T00:00:00.0000000",
286,"customer387","customer387@gmail.com","0910000387","$2a$12$DemoHashForIE103DatabaseOnly","Bùi Minh Trí 387","Active",,"2024-01-28T00:00:00.0000000",
287,"customer447","customer447@gmail.com","0910000447","$2a$12$DemoHashForIE103DatabaseOnly","Bùi Minh Trí 447","Active",,"2024-01-29T00:00:00.0000000",
288,"customer448","customer448@gmail.com","0910000448","$2a$12$DemoHashForIE103DatabaseOnly","Đỗ Thảo Vy 448","Active",,"2024-01-30T00:00:00.0000000",
289,"customer388","customer388@gmail.com","0910000388","$2a$12$DemoHashForIE103DatabaseOnly","Đỗ Thảo Vy 388","Locked",,"2024-01-31T00:00:00.0000000",
290,"customer328","customer328@gmail.com","0910000328","$2a$12$DemoHashForIE103DatabaseOnly","Đỗ Thảo Vy 328","Active",,"2024-02-01T00:00:00.0000000",
291,"customer268","customer268@gmail.com","0910000268","$2a$12$DemoHashForIE103DatabaseOnly","Đỗ Thảo Vy 268","Active",,"2024-02-02T00:00:00.0000000",
292,"customer208","customer208@gmail.com","0910000208","$2a$12$DemoHashForIE103DatabaseOnly","Đỗ Thảo Vy 208","Active",,"2024-02-03T00:00:00.0000000",
293,"customer148","customer148@gmail.com","0910000148","$2a$12$DemoHashForIE103DatabaseOnly","Đỗ Thảo Vy 148","Active",,"2024-02-04T00:00:00.0000000",
294,"customer88","customer88@gmail.com","0910000088","$2a$12$DemoHashForIE103DatabaseOnly","Đỗ Thảo Vy 088","Active",,"2024-02-05T00:00:00.0000000",
295,"customer28","customer28@gmail.com","0910000028","$2a$12$DemoHashForIE103DatabaseOnly","Đỗ Thảo Vy 028","Active",,"2024-02-06T00:00:00.0000000",
296,"customer29","customer29@gmail.com","0910000029","$2a$12$DemoHashForIE103DatabaseOnly","Ngô Hải Đăng 029","Active",,"2024-02-07T00:00:00.0000000",
297,"customer89","customer89@gmail.com","0910000089","$2a$12$DemoHashForIE103DatabaseOnly","Ngô Hải Đăng 089","Active",,"2024-02-08T00:00:00.0000000",
298,"customer149","customer149@gmail.com","0910000149","$2a$12$DemoHashForIE103DatabaseOnly","Ngô Hải Đăng 149","Active",,"2024-02-09T00:00:00.0000000",
299,"customer209","customer209@gmail.com","0910000209","$2a$12$DemoHashForIE103DatabaseOnly","Ngô Hải Đăng 209","Active",,"2024-02-10T00:00:00.0000000",
300,"customer269","customer269@gmail.com","0910000269","$2a$12$DemoHashForIE103DatabaseOnly","Ngô Hải Đăng 269","Active",,"2024-02-11T00:00:00.0000000",
301,"customer329","customer329@gmail.com","0910000329","$2a$12$DemoHashForIE103DatabaseOnly","Ngô Hải Đăng 329","Active",,"2024-02-12T00:00:00.0000000",
302,"customer389","customer389@gmail.com","0910000389","$2a$12$DemoHashForIE103DatabaseOnly","Ngô Hải Đăng 389","Active",,"2024-02-13T00:00:00.0000000",
303,"customer449","customer449@gmail.com","0910000449","$2a$12$DemoHashForIE103DatabaseOnly","Ngô Hải Đăng 449","Active",,"2024-02-14T00:00:00.0000000",
304,"customer450","customer450@gmail.com","0910000450","$2a$12$DemoHashForIE103DatabaseOnly","Dương Khánh Vân 450","Active",,"2024-02-15T00:00:00.0000000",
305,"customer390","customer390@gmail.com","0910000390","$2a$12$DemoHashForIE103DatabaseOnly","Dương Khánh Vân 390","Active",,"2024-02-16T00:00:00.0000000",
306,"customer330","customer330@gmail.com","0910000330","$2a$12$DemoHashForIE103DatabaseOnly","Dương Khánh Vân 330","Active",,"2024-02-17T00:00:00.0000000",
307,"customer270","customer270@gmail.com","0910000270","$2a$12$DemoHashForIE103DatabaseOnly","Dương Khánh Vân 270","Active",,"2024-02-18T00:00:00.0000000",
308,"customer210","customer210@gmail.com","0910000210","$2a$12$DemoHashForIE103DatabaseOnly","Dương Khánh Vân 210","Active",,"2024-02-19T00:00:00.0000000",
309,"customer150","customer150@gmail.com","0910000150","$2a$12$DemoHashForIE103DatabaseOnly","Dương Khánh Vân 150","Active",,"2024-02-20T00:00:00.0000000",
310,"customer90","customer90@gmail.com","0910000090","$2a$12$DemoHashForIE103DatabaseOnly","Dương Khánh Vân 090","Active",,"2024-02-21T00:00:00.0000000",
311,"customer30","customer30@gmail.com","0910000030","$2a$12$DemoHashForIE103DatabaseOnly","Dương Khánh Vân 030","Active",,"2024-02-22T00:00:00.0000000",
312,"customer31","customer31@gmail.com","0910000031","$2a$12$DemoHashForIE103DatabaseOnly","Lý Minh Châu 031","Active",,"2024-02-23T00:00:00.0000000",
313,"customer91","customer91@gmail.com","0910000091","$2a$12$DemoHashForIE103DatabaseOnly","Lý Minh Châu 091","Active",,"2024-02-24T00:00:00.0000000",
314,"customer151","customer151@gmail.com","0910000151","$2a$12$DemoHashForIE103DatabaseOnly","Lý Minh Châu 151","Active",,"2024-02-25T00:00:00.0000000",
315,"customer211","customer211@gmail.com","0910000211","$2a$12$DemoHashForIE103DatabaseOnly","Lý Minh Châu 211","Active",,"2024-02-26T00:00:00.0000000",
316,"customer271","customer271@gmail.com","0910000271","$2a$12$DemoHashForIE103DatabaseOnly","Lý Minh Châu 271","Active",,"2024-02-27T00:00:00.0000000",
317,"customer331","customer331@gmail.com","0910000331","$2a$12$DemoHashForIE103DatabaseOnly","Lý Minh Châu 331","Active",,"2024-02-28T00:00:00.0000000",
318,"customer391","customer391@gmail.com","0910000391","$2a$12$DemoHashForIE103DatabaseOnly","Lý Minh Châu 391","Active",,"2024-02-29T00:00:00.0000000",
319,"customer451","customer451@gmail.com","0910000451","$2a$12$DemoHashForIE103DatabaseOnly","Lý Minh Châu 451","Active",,"2024-03-01T00:00:00.0000000",
320,"customer452","customer452@gmail.com","0910000452","$2a$12$DemoHashForIE103DatabaseOnly","Mai Hoàng Phúc 452","Active",,"2024-03-02T00:00:00.0000000",
321,"customer392","customer392@gmail.com","0910000392","$2a$12$DemoHashForIE103DatabaseOnly","Mai Hoàng Phúc 392","Active",,"2024-03-03T00:00:00.0000000",
322,"customer332","customer332@gmail.com","0910000332","$2a$12$DemoHashForIE103DatabaseOnly","Mai Hoàng Phúc 332","Active",,"2024-03-04T00:00:00.0000000",
323,"customer272","customer272@gmail.com","0910000272","$2a$12$DemoHashForIE103DatabaseOnly","Mai Hoàng Phúc 272","Active",,"2024-03-05T00:00:00.0000000",
324,"customer212","customer212@gmail.com","0910000212","$2a$12$DemoHashForIE103DatabaseOnly","Mai Hoàng Phúc 212","Pending",,"2024-03-06T00:00:00.0000000",
325,"customer152","customer152@gmail.com","0910000152","$2a$12$DemoHashForIE103DatabaseOnly","Mai Hoàng Phúc 152","Active",,"2024-03-07T00:00:00.0000000",
326,"customer92","customer92@gmail.com","0910000092","$2a$12$DemoHashForIE103DatabaseOnly","Mai Hoàng Phúc 092","Active",,"2024-03-08T00:00:00.0000000",
327,"customer32","customer32@gmail.com","0910000032","$2a$12$DemoHashForIE103DatabaseOnly","Mai Hoàng Phúc 032","Active",,"2024-03-09T00:00:00.0000000",
328,"customer33","customer33@gmail.com","0910000033","$2a$12$DemoHashForIE103DatabaseOnly","Cao Thanh Ngân 033","Active",,"2024-03-10T00:00:00.0000000",
329,"customer93","customer93@gmail.com","0910000093","$2a$12$DemoHashForIE103DatabaseOnly","Cao Thanh Ngân 093","Active",,"2024-03-11T00:00:00.0000000",
330,"customer153","customer153@gmail.com","0910000153","$2a$12$DemoHashForIE103DatabaseOnly","Cao Thanh Ngân 153","Active",,"2024-03-12T00:00:00.0000000",
331,"customer213","customer213@gmail.com","0910000213","$2a$12$DemoHashForIE103DatabaseOnly","Cao Thanh Ngân 213","Suspended",,"2024-03-13T00:00:00.0000000",
332,"customer273","customer273@gmail.com","0910000273","$2a$12$DemoHashForIE103DatabaseOnly","Cao Thanh Ngân 273","Active",,"2024-03-14T00:00:00.0000000",
333,"customer333","customer333@gmail.com","0910000333","$2a$12$DemoHashForIE103DatabaseOnly","Cao Thanh Ngân 333","Active",,"2024-03-15T00:00:00.0000000",
334,"customer393","customer393@gmail.com","0910000393","$2a$12$DemoHashForIE103DatabaseOnly","Cao Thanh Ngân 393","Active",,"2024-03-16T00:00:00.0000000",
335,"customer453","customer453@gmail.com","0910000453","$2a$12$DemoHashForIE103DatabaseOnly","Cao Thanh Ngân 453","Active",,"2024-03-17T00:00:00.0000000",
336,"customer454","customer454@gmail.com","0910000454","$2a$12$DemoHashForIE103DatabaseOnly","Phan Gia Hân 454","Active",,"2024-03-18T00:00:00.0000000",
337,"customer394","customer394@gmail.com","0910000394","$2a$12$DemoHashForIE103DatabaseOnly","Phan Gia Hân 394","Active",,"2024-03-19T00:00:00.0000000",
338,"customer334","customer334@gmail.com","0910000334","$2a$12$DemoHashForIE103DatabaseOnly","Phan Gia Hân 334","Active",,"2024-03-20T00:00:00.0000000",
339,"customer274","customer274@gmail.com","0910000274","$2a$12$DemoHashForIE103DatabaseOnly","Phan Gia Hân 274","Active",,"2024-03-21T00:00:00.0000000",
340,"customer214","customer214@gmail.com","0910000214","$2a$12$DemoHashForIE103DatabaseOnly","Phan Gia Hân 214","Active",,"2024-03-22T00:00:00.0000000",
341,"customer154","customer154@gmail.com","0910000154","$2a$12$DemoHashForIE103DatabaseOnly","Phan Gia Hân 154","Active",,"2024-03-23T00:00:00.0000000",
342,"customer94","customer94@gmail.com","0910000094","$2a$12$DemoHashForIE103DatabaseOnly","Phan Gia Hân 094","Active",,"2024-03-24T00:00:00.0000000",
343,"customer34","customer34@gmail.com","0910000034","$2a$12$DemoHashForIE103DatabaseOnly","Phan Gia Hân 034","Active",,"2024-03-25T00:00:00.0000000",
344,"customer35","customer35@gmail.com","0910000035","$2a$12$DemoHashForIE103DatabaseOnly","Trịnh Quốc Bảo 035","Active",,"2024-03-26T00:00:00.0000000",
345,"customer95","customer95@gmail.com","0910000095","$2a$12$DemoHashForIE103DatabaseOnly","Trịnh Quốc Bảo 095","Active",,"2024-03-27T00:00:00.0000000",
346,"customer155","customer155@gmail.com","0910000155","$2a$12$DemoHashForIE103DatabaseOnly","Trịnh Quốc Bảo 155","Active",,"2024-03-28T00:00:00.0000000",
347,"customer215","customer215@gmail.com","0910000215","$2a$12$DemoHashForIE103DatabaseOnly","Trịnh Quốc Bảo 215","Active",,"2024-03-29T00:00:00.0000000",
348,"customer275","customer275@gmail.com","0910000275","$2a$12$DemoHashForIE103DatabaseOnly","Trịnh Quốc Bảo 275","Active",,"2024-03-30T00:00:00.0000000",
349,"customer335","customer335@gmail.com","0910000335","$2a$12$DemoHashForIE103DatabaseOnly","Trịnh Quốc Bảo 335","Active",,"2024-03-31T00:00:00.0000000",
350,"customer395","customer395@gmail.com","0910000395","$2a$12$DemoHashForIE103DatabaseOnly","Trịnh Quốc Bảo 395","Active",,"2024-04-01T00:00:00.0000000",
351,"customer455","customer455@gmail.com","0910000455","$2a$12$DemoHashForIE103DatabaseOnly","Trịnh Quốc Bảo 455","Active",,"2024-04-02T00:00:00.0000000",
352,"customer456","customer456@gmail.com","0910000456","$2a$12$DemoHashForIE103DatabaseOnly","Lâm Ngọc Anh 456","Active",,"2024-04-03T00:00:00.0000000",
353,"customer396","customer396@gmail.com","0910000396","$2a$12$DemoHashForIE103DatabaseOnly","Lâm Ngọc Anh 396","Active",,"2024-04-04T00:00:00.0000000",
354,"customer336","customer336@gmail.com","0910000336","$2a$12$DemoHashForIE103DatabaseOnly","Lâm Ngọc Anh 336","Active",,"2024-04-05T00:00:00.0000000",
355,"customer276","customer276@gmail.com","0910000276","$2a$12$DemoHashForIE103DatabaseOnly","Lâm Ngọc Anh 276","Active",,"2024-04-06T00:00:00.0000000",
356,"customer216","customer216@gmail.com","0910000216","$2a$12$DemoHashForIE103DatabaseOnly","Lâm Ngọc Anh 216","Active",,"2024-04-07T00:00:00.0000000",
357,"customer156","customer156@gmail.com","0910000156","$2a$12$DemoHashForIE103DatabaseOnly","Lâm Ngọc Anh 156","Active",,"2024-04-08T00:00:00.0000000",
358,"customer96","customer96@gmail.com","0910000096","$2a$12$DemoHashForIE103DatabaseOnly","Lâm Ngọc Anh 096","Active",,"2024-04-09T00:00:00.0000000",
359,"customer36","customer36@gmail.com","0910000036","$2a$12$DemoHashForIE103DatabaseOnly","Lâm Ngọc Anh 036","Active",,"2024-04-10T00:00:00.0000000",
360,"customer37","customer37@gmail.com","0910000037","$2a$12$DemoHashForIE103DatabaseOnly","Huỳnh Minh Đức 037","Active",,"2024-04-11T00:00:00.0000000",
361,"customer97","customer97@gmail.com","0910000097","$2a$12$DemoHashForIE103DatabaseOnly","Huỳnh Minh Đức 097","Locked",,"2024-04-12T00:00:00.0000000",
362,"customer157","customer157@gmail.com","0910000157","$2a$12$DemoHashForIE103DatabaseOnly","Huỳnh Minh Đức 157","Active",,"2024-04-13T00:00:00.0000000",
363,"customer217","customer217@gmail.com","0910000217","$2a$12$DemoHashForIE103DatabaseOnly","Huỳnh Minh Đức 217","Active",,"2024-04-14T00:00:00.0000000",
364,"customer277","customer277@gmail.com","0910000277","$2a$12$DemoHashForIE103DatabaseOnly","Huỳnh Minh Đức 277","Active",,"2024-04-15T00:00:00.0000000",
365,"customer337","customer337@gmail.com","0910000337","$2a$12$DemoHashForIE103DatabaseOnly","Huỳnh Minh Đức 337","Active",,"2024-04-16T00:00:00.0000000",
366,"customer397","customer397@gmail.com","0910000397","$2a$12$DemoHashForIE103DatabaseOnly","Huỳnh Minh Đức 397","Active",,"2024-04-17T00:00:00.0000000",
367,"customer457","customer457@gmail.com","0910000457","$2a$12$DemoHashForIE103DatabaseOnly","Huỳnh Minh Đức 457","Active",,"2024-04-18T00:00:00.0000000",
368,"customer458","customer458@gmail.com","0910000458","$2a$12$DemoHashForIE103DatabaseOnly","Vũ Thanh Thảo 458","Active",,"2024-04-19T00:00:00.0000000",
369,"customer398","customer398@gmail.com","0910000398","$2a$12$DemoHashForIE103DatabaseOnly","Vũ Thanh Thảo 398","Active",,"2024-04-20T00:00:00.0000000",
370,"customer338","customer338@gmail.com","0910000338","$2a$12$DemoHashForIE103DatabaseOnly","Vũ Thanh Thảo 338","Active",,"2024-04-21T00:00:00.0000000",
371,"customer278","customer278@gmail.com","0910000278","$2a$12$DemoHashForIE103DatabaseOnly","Vũ Thanh Thảo 278","Active",,"2024-04-22T00:00:00.0000000",
372,"customer218","customer218@gmail.com","0910000218","$2a$12$DemoHashForIE103DatabaseOnly","Vũ Thanh Thảo 218","Active",,"2024-04-23T00:00:00.0000000",
373,"customer158","customer158@gmail.com","0910000158","$2a$12$DemoHashForIE103DatabaseOnly","Vũ Thanh Thảo 158","Active",,"2024-04-24T00:00:00.0000000",
374,"customer98","customer98@gmail.com","0910000098","$2a$12$DemoHashForIE103DatabaseOnly","Vũ Thanh Thảo 098","Active",,"2024-04-25T00:00:00.0000000",
375,"customer38","customer38@gmail.com","0910000038","$2a$12$DemoHashForIE103DatabaseOnly","Vũ Thanh Thảo 038","Active",,"2024-04-26T00:00:00.0000000",
376,"customer39","customer39@gmail.com","0910000039","$2a$12$DemoHashForIE103DatabaseOnly","Nguyễn Đức Huy 039","Active",,"2024-04-27T00:00:00.0000000",
377,"customer99","customer99@gmail.com","0910000099","$2a$12$DemoHashForIE103DatabaseOnly","Nguyễn Đức Huy 099","Active",,"2024-04-28T00:00:00.0000000",
378,"customer159","customer159@gmail.com","0910000159","$2a$12$DemoHashForIE103DatabaseOnly","Nguyễn Đức Huy 159","Pending",,"2024-04-29T00:00:00.0000000",
379,"customer219","customer219@gmail.com","0910000219","$2a$12$DemoHashForIE103DatabaseOnly","Nguyễn Đức Huy 219","Active",,"2024-04-30T00:00:00.0000000",
380,"customer279","customer279@gmail.com","0910000279","$2a$12$DemoHashForIE103DatabaseOnly","Nguyễn Đức Huy 279","Active",,"2024-05-01T00:00:00.0000000",
381,"customer339","customer339@gmail.com","0910000339","$2a$12$DemoHashForIE103DatabaseOnly","Nguyễn Đức Huy 339","Active",,"2024-05-02T00:00:00.0000000",
382,"customer399","customer399@gmail.com","0910000399","$2a$12$DemoHashForIE103DatabaseOnly","Nguyễn Đức Huy 399","Active",,"2024-05-03T00:00:00.0000000",
383,"customer459","customer459@gmail.com","0910000459","$2a$12$DemoHashForIE103DatabaseOnly","Nguyễn Đức Huy 459","Active",,"2024-05-04T00:00:00.0000000",
384,"customer460","customer460@gmail.com","0910000460","$2a$12$DemoHashForIE103DatabaseOnly","Trần Bảo Trân 460","Active",,"2024-05-05T00:00:00.0000000",
385,"customer400","customer400@gmail.com","0910000400","$2a$12$DemoHashForIE103DatabaseOnly","Trần Bảo Trân 400","Active",,"2024-05-06T00:00:00.0000000",
386,"customer340","customer340@gmail.com","0910000340","$2a$12$DemoHashForIE103DatabaseOnly","Trần Bảo Trân 340","Active",,"2024-05-07T00:00:00.0000000",
387,"customer280","customer280@gmail.com","0910000280","$2a$12$DemoHashForIE103DatabaseOnly","Trần Bảo Trân 280","Active",,"2024-05-08T00:00:00.0000000",
388,"customer220","customer220@gmail.com","0910000220","$2a$12$DemoHashForIE103DatabaseOnly","Trần Bảo Trân 220","Active",,"2024-05-09T00:00:00.0000000",
389,"customer160","customer160@gmail.com","0910000160","$2a$12$DemoHashForIE103DatabaseOnly","Trần Bảo Trân 160","Active",,"2024-05-10T00:00:00.0000000",
390,"customer100","customer100@gmail.com","0910000100","$2a$12$DemoHashForIE103DatabaseOnly","Trần Bảo Trân 100","Active",,"2024-05-11T00:00:00.0000000",
391,"customer40","customer40@gmail.com","0910000040","$2a$12$DemoHashForIE103DatabaseOnly","Trần Bảo Trân 040","Active",,"2024-05-12T00:00:00.0000000",
392,"customer41","customer41@gmail.com","0910000041","$2a$12$DemoHashForIE103DatabaseOnly","Lê Nhật Linh 041","Active",,"2024-05-13T00:00:00.0000000",
393,"customer101","customer101@gmail.com","0910000101","$2a$12$DemoHashForIE103DatabaseOnly","Lê Nhật Linh 101","Active",,"2024-05-14T00:00:00.0000000",
394,"customer161","customer161@gmail.com","0910000161","$2a$12$DemoHashForIE103DatabaseOnly","Lê Nhật Linh 161","Active",,"2024-05-15T00:00:00.0000000",
395,"customer221","customer221@gmail.com","0910000221","$2a$12$DemoHashForIE103DatabaseOnly","Lê Nhật Linh 221","Active",,"2024-05-16T00:00:00.0000000",
396,"customer281","customer281@gmail.com","0910000281","$2a$12$DemoHashForIE103DatabaseOnly","Lê Nhật Linh 281","Active",,"2024-05-17T00:00:00.0000000",
397,"customer341","customer341@gmail.com","0910000341","$2a$12$DemoHashForIE103DatabaseOnly","Lê Nhật Linh 341","Active",,"2024-05-18T00:00:00.0000000",
398,"customer401","customer401@gmail.com","0910000401","$2a$12$DemoHashForIE103DatabaseOnly","Lê Nhật Linh 401","Active",,"2024-05-19T00:00:00.0000000",
399,"customer461","customer461@gmail.com","0910000461","$2a$12$DemoHashForIE103DatabaseOnly","Lê Nhật Linh 461","Active",,"2024-05-20T00:00:00.0000000",
400,"customer462","customer462@gmail.com","0910000462","$2a$12$DemoHashForIE103DatabaseOnly","Phạm Minh Quân 462","Active",,"2024-05-21T00:00:00.0000000",
401,"customer402","customer402@gmail.com","0910000402","$2a$12$DemoHashForIE103DatabaseOnly","Phạm Minh Quân 402","Active",,"2024-05-22T00:00:00.0000000",
402,"customer342","customer342@gmail.com","0910000342","$2a$12$DemoHashForIE103DatabaseOnly","Phạm Minh Quân 342","Active",,"2024-05-23T00:00:00.0000000",
403,"customer282","customer282@gmail.com","0910000282","$2a$12$DemoHashForIE103DatabaseOnly","Phạm Minh Quân 282","Active",,"2024-05-24T00:00:00.0000000",
404,"customer222","customer222@gmail.com","0910000222","$2a$12$DemoHashForIE103DatabaseOnly","Phạm Minh Quân 222","Active",,"2024-05-25T00:00:00.0000000",
405,"customer162","customer162@gmail.com","0910000162","$2a$12$DemoHashForIE103DatabaseOnly","Phạm Minh Quân 162","Active",,"2024-05-26T00:00:00.0000000",
406,"customer102","customer102@gmail.com","0910000102","$2a$12$DemoHashForIE103DatabaseOnly","Phạm Minh Quân 102","Active",,"2024-05-27T00:00:00.0000000",
407,"customer42","customer42@gmail.com","0910000042","$2a$12$DemoHashForIE103DatabaseOnly","Phạm Minh Quân 042","Active",,"2024-05-28T00:00:00.0000000",
408,"customer43","customer43@gmail.com","0910000043","$2a$12$DemoHashForIE103DatabaseOnly","Hoàng Kim Chi 043","Active",,"2024-05-29T00:00:00.0000000",
409,"customer103","customer103@gmail.com","0910000103","$2a$12$DemoHashForIE103DatabaseOnly","Hoàng Kim Chi 103","Active",,"2024-05-30T00:00:00.0000000",
410,"customer163","customer163@gmail.com","0910000163","$2a$12$DemoHashForIE103DatabaseOnly","Hoàng Kim Chi 163","Active",,"2024-05-31T00:00:00.0000000",
411,"customer223","customer223@gmail.com","0910000223","$2a$12$DemoHashForIE103DatabaseOnly","Hoàng Kim Chi 223","Active",,"2023-12-04T00:00:00.0000000",
412,"customer283","customer283@gmail.com","0910000283","$2a$12$DemoHashForIE103DatabaseOnly","Hoàng Kim Chi 283","Active",,"2023-12-05T00:00:00.0000000",
413,"customer343","customer343@gmail.com","0910000343","$2a$12$DemoHashForIE103DatabaseOnly","Hoàng Kim Chi 343","Active",,"2023-12-06T00:00:00.0000000",
414,"customer403","customer403@gmail.com","0910000403","$2a$12$DemoHashForIE103DatabaseOnly","Hoàng Kim Chi 403","Active",,"2023-12-07T00:00:00.0000000",
415,"customer463","customer463@gmail.com","0910000463","$2a$12$DemoHashForIE103DatabaseOnly","Hoàng Kim Chi 463","Active",,"2023-12-08T00:00:00.0000000",
416,"customer464","customer464@gmail.com","0910000464","$2a$12$DemoHashForIE103DatabaseOnly","Võ Anh Tuấn 464","Active",,"2023-12-09T00:00:00.0000000",
417,"customer404","customer404@gmail.com","0910000404","$2a$12$DemoHashForIE103DatabaseOnly","Võ Anh Tuấn 404","Active",,"2023-12-10T00:00:00.0000000",
418,"customer344","customer344@gmail.com","0910000344","$2a$12$DemoHashForIE103DatabaseOnly","Võ Anh Tuấn 344","Active",,"2023-12-11T00:00:00.0000000",
419,"customer284","customer284@gmail.com","0910000284","$2a$12$DemoHashForIE103DatabaseOnly","Võ Anh Tuấn 284","Suspended",,"2023-12-12T00:00:00.0000000",
420,"customer224","customer224@gmail.com","0910000224","$2a$12$DemoHashForIE103DatabaseOnly","Võ Anh Tuấn 224","Active",,"2023-12-13T00:00:00.0000000",
421,"customer164","customer164@gmail.com","0910000164","$2a$12$DemoHashForIE103DatabaseOnly","Võ Anh Tuấn 164","Active",,"2023-12-14T00:00:00.0000000",
422,"customer104","customer104@gmail.com","0910000104","$2a$12$DemoHashForIE103DatabaseOnly","Võ Anh Tuấn 104","Active",,"2023-12-15T00:00:00.0000000",
423,"customer44","customer44@gmail.com","0910000044","$2a$12$DemoHashForIE103DatabaseOnly","Võ Anh Tuấn 044","Active",,"2023-12-16T00:00:00.0000000",
424,"customer45","customer45@gmail.com","0910000045","$2a$12$DemoHashForIE103DatabaseOnly","Đặng Như Quỳnh 045","Active",,"2023-12-17T00:00:00.0000000",
425,"customer105","customer105@gmail.com","0910000105","$2a$12$DemoHashForIE103DatabaseOnly","Đặng Như Quỳnh 105","Active",,"2023-12-18T00:00:00.0000000",
426,"customer165","customer165@gmail.com","0910000165","$2a$12$DemoHashForIE103DatabaseOnly","Đặng Như Quỳnh 165","Active",,"2023-12-19T00:00:00.0000000",
427,"customer225","customer225@gmail.com","0910000225","$2a$12$DemoHashForIE103DatabaseOnly","Đặng Như Quỳnh 225","Active",,"2023-12-20T00:00:00.0000000",
428,"customer285","customer285@gmail.com","0910000285","$2a$12$DemoHashForIE103DatabaseOnly","Đặng Như Quỳnh 285","Active",,"2023-12-21T00:00:00.0000000",
429,"customer345","customer345@gmail.com","0910000345","$2a$12$DemoHashForIE103DatabaseOnly","Đặng Như Quỳnh 345","Active",,"2023-12-22T00:00:00.0000000",
430,"customer405","customer405@gmail.com","0910000405","$2a$12$DemoHashForIE103DatabaseOnly","Đặng Như Quỳnh 405","Active",,"2023-12-23T00:00:00.0000000",
431,"customer465","customer465@gmail.com","0910000465","$2a$12$DemoHashForIE103DatabaseOnly","Đặng Như Quỳnh 465","Active",,"2023-12-24T00:00:00.0000000",
432,"customer466","customer466@gmail.com","0910000466","$2a$12$DemoHashForIE103DatabaseOnly","Bùi Quốc Việt 466","Active",,"2023-12-25T00:00:00.0000000",
433,"customer406","customer406@gmail.com","0910000406","$2a$12$DemoHashForIE103DatabaseOnly","Bùi Quốc Việt 406","Active",,"2023-12-26T00:00:00.0000000",
434,"customer346","customer346@gmail.com","0910000346","$2a$12$DemoHashForIE103DatabaseOnly","Bùi Quốc Việt 346","Active",,"2023-12-27T00:00:00.0000000",
435,"customer286","customer286@gmail.com","0910000286","$2a$12$DemoHashForIE103DatabaseOnly","Bùi Quốc Việt 286","Active",,"2023-12-28T00:00:00.0000000",
436,"customer226","customer226@gmail.com","0910000226","$2a$12$DemoHashForIE103DatabaseOnly","Bùi Quốc Việt 226","Active",,"2023-12-29T00:00:00.0000000",
437,"customer166","customer166@gmail.com","0910000166","$2a$12$DemoHashForIE103DatabaseOnly","Bùi Quốc Việt 166","Active",,"2023-12-30T00:00:00.0000000",
438,"customer106","customer106@gmail.com","0910000106","$2a$12$DemoHashForIE103DatabaseOnly","Bùi Quốc Việt 106","Pending",,"2023-12-31T00:00:00.0000000",
439,"customer46","customer46@gmail.com","0910000046","$2a$12$DemoHashForIE103DatabaseOnly","Bùi Quốc Việt 046","Active",,"2024-01-01T00:00:00.0000000",
440,"customer47","customer47@gmail.com","0910000047","$2a$12$DemoHashForIE103DatabaseOnly","Đỗ Minh Thư 047","Active",,"2024-01-02T00:00:00.0000000",
441,"customer107","customer107@gmail.com","0910000107","$2a$12$DemoHashForIE103DatabaseOnly","Đỗ Minh Thư 107","Active",,"2024-01-03T00:00:00.0000000",
442,"customer167","customer167@gmail.com","0910000167","$2a$12$DemoHashForIE103DatabaseOnly","Đỗ Minh Thư 167","Active",,"2024-01-04T00:00:00.0000000",
443,"customer227","customer227@gmail.com","0910000227","$2a$12$DemoHashForIE103DatabaseOnly","Đỗ Minh Thư 227","Active",,"2024-01-05T00:00:00.0000000",
444,"customer287","customer287@gmail.com","0910000287","$2a$12$DemoHashForIE103DatabaseOnly","Đỗ Minh Thư 287","Active",,"2024-01-06T00:00:00.0000000",
445,"customer347","customer347@gmail.com","0910000347","$2a$12$DemoHashForIE103DatabaseOnly","Đỗ Minh Thư 347","Active",,"2024-01-07T00:00:00.0000000",
446,"customer407","customer407@gmail.com","0910000407","$2a$12$DemoHashForIE103DatabaseOnly","Đỗ Minh Thư 407","Active",,"2024-01-08T00:00:00.0000000",
447,"customer467","customer467@gmail.com","0910000467","$2a$12$DemoHashForIE103DatabaseOnly","Đỗ Minh Thư 467","Active",,"2024-01-09T00:00:00.0000000",
448,"customer468","customer468@gmail.com","0910000468","$2a$12$DemoHashForIE103DatabaseOnly","Ngô Thanh Phong 468","Active",,"2024-01-10T00:00:00.0000000",
449,"customer408","customer408@gmail.com","0910000408","$2a$12$DemoHashForIE103DatabaseOnly","Ngô Thanh Phong 408","Active",,"2024-01-11T00:00:00.0000000",
450,"customer348","customer348@gmail.com","0910000348","$2a$12$DemoHashForIE103DatabaseOnly","Ngô Thanh Phong 348","Active",,"2024-01-12T00:00:00.0000000",
451,"customer288","customer288@gmail.com","0910000288","$2a$12$DemoHashForIE103DatabaseOnly","Ngô Thanh Phong 288","Active",,"2024-01-13T00:00:00.0000000",
452,"customer228","customer228@gmail.com","0910000228","$2a$12$DemoHashForIE103DatabaseOnly","Ngô Thanh Phong 228","Active",,"2024-01-14T00:00:00.0000000",
453,"customer168","customer168@gmail.com","0910000168","$2a$12$DemoHashForIE103DatabaseOnly","Ngô Thanh Phong 168","Active",,"2024-01-15T00:00:00.0000000",
454,"customer108","customer108@gmail.com","0910000108","$2a$12$DemoHashForIE103DatabaseOnly","Ngô Thanh Phong 108","Active",,"2024-01-16T00:00:00.0000000",
455,"customer48","customer48@gmail.com","0910000048","$2a$12$DemoHashForIE103DatabaseOnly","Ngô Thanh Phong 048","Active",,"2024-01-17T00:00:00.0000000",
456,"customer49","customer49@gmail.com","0910000049","$2a$12$DemoHashForIE103DatabaseOnly","Dương Mỹ Linh 049","Active",,"2024-01-18T00:00:00.0000000",
457,"customer109","customer109@gmail.com","0910000109","$2a$12$DemoHashForIE103DatabaseOnly","Dương Mỹ Linh 109","Active",,"2024-01-19T00:00:00.0000000",
458,"customer169","customer169@gmail.com","0910000169","$2a$12$DemoHashForIE103DatabaseOnly","Dương Mỹ Linh 169","Active",,"2024-01-20T00:00:00.0000000",
459,"customer229","customer229@gmail.com","0910000229","$2a$12$DemoHashForIE103DatabaseOnly","Dương Mỹ Linh 229","Active",,"2024-01-21T00:00:00.0000000",
460,"customer289","customer289@gmail.com","0910000289","$2a$12$DemoHashForIE103DatabaseOnly","Dương Mỹ Linh 289","Active",,"2024-01-22T00:00:00.0000000",
461,"customer349","customer349@gmail.com","0910000349","$2a$12$DemoHashForIE103DatabaseOnly","Dương Mỹ Linh 349","Active",,"2024-01-23T00:00:00.0000000",
462,"customer409","customer409@gmail.com","0910000409","$2a$12$DemoHashForIE103DatabaseOnly","Dương Mỹ Linh 409","Active",,"2024-01-24T00:00:00.0000000",
463,"customer469","customer469@gmail.com","0910000469","$2a$12$DemoHashForIE103DatabaseOnly","Dương Mỹ Linh 469","Active",,"2024-01-25T00:00:00.0000000",
464,"customer470","customer470@gmail.com","0910000470","$2a$12$DemoHashForIE103DatabaseOnly","Lý Anh Khoa 470","Active",,"2024-01-26T00:00:00.0000000",
465,"customer410","customer410@gmail.com","0910000410","$2a$12$DemoHashForIE103DatabaseOnly","Lý Anh Khoa 410","Active",,"2024-01-27T00:00:00.0000000",
466,"customer350","customer350@gmail.com","0910000350","$2a$12$DemoHashForIE103DatabaseOnly","Lý Anh Khoa 350","Active",,"2024-01-28T00:00:00.0000000",
467,"customer290","customer290@gmail.com","0910000290","$2a$12$DemoHashForIE103DatabaseOnly","Lý Anh Khoa 290","Active",,"2024-01-29T00:00:00.0000000",
468,"customer230","customer230@gmail.com","0910000230","$2a$12$DemoHashForIE103DatabaseOnly","Lý Anh Khoa 230","Active",,"2024-01-30T00:00:00.0000000",
469,"customer170","customer170@gmail.com","0910000170","$2a$12$DemoHashForIE103DatabaseOnly","Lý Anh Khoa 170","Active",,"2024-01-31T00:00:00.0000000",
470,"customer110","customer110@gmail.com","0910000110","$2a$12$DemoHashForIE103DatabaseOnly","Lý Anh Khoa 110","Active",,"2024-02-01T00:00:00.0000000",
471,"customer50","customer50@gmail.com","0910000050","$2a$12$DemoHashForIE103DatabaseOnly","Lý Anh Khoa 050","Active",,"2024-02-02T00:00:00.0000000",
472,"customer51","customer51@gmail.com","0910000051","$2a$12$DemoHashForIE103DatabaseOnly","Mai Thiên An 051","Active",,"2024-02-03T00:00:00.0000000",
473,"customer111","customer111@gmail.com","0910000111","$2a$12$DemoHashForIE103DatabaseOnly","Mai Thiên An 111","Active",,"2024-02-04T00:00:00.0000000",
474,"customer171","customer171@gmail.com","0910000171","$2a$12$DemoHashForIE103DatabaseOnly","Mai Thiên An 171","Active",,"2024-02-05T00:00:00.0000000",
475,"customer231","customer231@gmail.com","0910000231","$2a$12$DemoHashForIE103DatabaseOnly","Mai Thiên An 231","Active",,"2024-02-06T00:00:00.0000000",
476,"customer291","customer291@gmail.com","0910000291","$2a$12$DemoHashForIE103DatabaseOnly","Mai Thiên An 291","Locked",,"2024-02-07T00:00:00.0000000",
477,"customer351","customer351@gmail.com","0910000351","$2a$12$DemoHashForIE103DatabaseOnly","Mai Thiên An 351","Active",,"2024-02-08T00:00:00.0000000",
478,"customer411","customer411@gmail.com","0910000411","$2a$12$DemoHashForIE103DatabaseOnly","Mai Thiên An 411","Active",,"2024-02-09T00:00:00.0000000",
479,"customer471","customer471@gmail.com","0910000471","$2a$12$DemoHashForIE103DatabaseOnly","Mai Thiên An 471","Active",,"2024-02-10T00:00:00.0000000",
480,"customer472","customer472@gmail.com","0910000472","$2a$12$DemoHashForIE103DatabaseOnly","Cao Bảo Trâm 472","Active",,"2024-02-11T00:00:00.0000000",
481,"customer412","customer412@gmail.com","0910000412","$2a$12$DemoHashForIE103DatabaseOnly","Cao Bảo Trâm 412","Active",,"2024-02-12T00:00:00.0000000",
482,"customer352","customer352@gmail.com","0910000352","$2a$12$DemoHashForIE103DatabaseOnly","Cao Bảo Trâm 352","Active",,"2024-02-13T00:00:00.0000000",
483,"customer292","customer292@gmail.com","0910000292","$2a$12$DemoHashForIE103DatabaseOnly","Cao Bảo Trâm 292","Active",,"2024-02-14T00:00:00.0000000",
484,"customer232","customer232@gmail.com","0910000232","$2a$12$DemoHashForIE103DatabaseOnly","Cao Bảo Trâm 232","Active",,"2024-02-15T00:00:00.0000000",
485,"customer172","customer172@gmail.com","0910000172","$2a$12$DemoHashForIE103DatabaseOnly","Cao Bảo Trâm 172","Active",,"2024-02-16T00:00:00.0000000",
486,"customer112","customer112@gmail.com","0910000112","$2a$12$DemoHashForIE103DatabaseOnly","Cao Bảo Trâm 112","Active",,"2024-02-17T00:00:00.0000000",
487,"customer52","customer52@gmail.com","0910000052","$2a$12$DemoHashForIE103DatabaseOnly","Cao Bảo Trâm 052","Active",,"2024-02-18T00:00:00.0000000",
488,"customer53","customer53@gmail.com","0910000053","$2a$12$DemoHashForIE103DatabaseOnly","Phan Minh Tâm 053","Pending",,"2024-02-19T00:00:00.0000000",
489,"customer113","customer113@gmail.com","0910000113","$2a$12$DemoHashForIE103DatabaseOnly","Phan Minh Tâm 113","Active",,"2024-02-20T00:00:00.0000000",
490,"customer173","customer173@gmail.com","0910000173","$2a$12$DemoHashForIE103DatabaseOnly","Phan Minh Tâm 173","Active",,"2024-02-21T00:00:00.0000000",
491,"customer233","customer233@gmail.com","0910000233","$2a$12$DemoHashForIE103DatabaseOnly","Phan Minh Tâm 233","Active",,"2024-02-22T00:00:00.0000000",
492,"customer293","customer293@gmail.com","0910000293","$2a$12$DemoHashForIE103DatabaseOnly","Phan Minh Tâm 293","Active",,"2024-02-23T00:00:00.0000000",
493,"customer353","customer353@gmail.com","0910000353","$2a$12$DemoHashForIE103DatabaseOnly","Phan Minh Tâm 353","Active",,"2024-02-24T00:00:00.0000000",
494,"customer413","customer413@gmail.com","0910000413","$2a$12$DemoHashForIE103DatabaseOnly","Phan Minh Tâm 413","Active",,"2024-02-25T00:00:00.0000000",
495,"customer473","customer473@gmail.com","0910000473","$2a$12$DemoHashForIE103DatabaseOnly","Phan Minh Tâm 473","Active",,"2024-02-26T00:00:00.0000000",
496,"customer474","customer474@gmail.com","0910000474","$2a$12$DemoHashForIE103DatabaseOnly","Trịnh Thanh Nhân 474","Active",,"2024-02-27T00:00:00.0000000",
497,"customer414","customer414@gmail.com","0910000414","$2a$12$DemoHashForIE103DatabaseOnly","Trịnh Thanh Nhân 414","Active",,"2024-02-28T00:00:00.0000000",
498,"customer354","customer354@gmail.com","0910000354","$2a$12$DemoHashForIE103DatabaseOnly","Trịnh Thanh Nhân 354","Active",,"2024-02-29T00:00:00.0000000",
499,"customer294","customer294@gmail.com","0910000294","$2a$12$DemoHashForIE103DatabaseOnly","Trịnh Thanh Nhân 294","Active",,"2024-03-01T00:00:00.0000000",
500,"customer234","customer234@gmail.com","0910000234","$2a$12$DemoHashForIE103DatabaseOnly","Trịnh Thanh Nhân 234","Active",,"2024-03-02T00:00:00.0000000",
501,"customer174","customer174@gmail.com","0910000174","$2a$12$DemoHashForIE103DatabaseOnly","Trịnh Thanh Nhân 174","Active",,"2024-03-03T00:00:00.0000000",
502,"customer114","customer114@gmail.com","0910000114","$2a$12$DemoHashForIE103DatabaseOnly","Trịnh Thanh Nhân 114","Active",,"2024-03-04T00:00:00.0000000",
503,"customer54","customer54@gmail.com","0910000054","$2a$12$DemoHashForIE103DatabaseOnly","Trịnh Thanh Nhân 054","Active",,"2024-03-05T00:00:00.0000000",
504,"customer55","customer55@gmail.com","0910000055","$2a$12$DemoHashForIE103DatabaseOnly","Lâm Thu Trang 055","Active",,"2024-03-06T00:00:00.0000000",
505,"customer115","customer115@gmail.com","0910000115","$2a$12$DemoHashForIE103DatabaseOnly","Lâm Thu Trang 115","Active",,"2024-03-07T00:00:00.0000000",
506,"customer175","customer175@gmail.com","0910000175","$2a$12$DemoHashForIE103DatabaseOnly","Lâm Thu Trang 175","Active",,"2024-03-08T00:00:00.0000000",
507,"customer235","customer235@gmail.com","0910000235","$2a$12$DemoHashForIE103DatabaseOnly","Lâm Thu Trang 235","Active",,"2024-03-09T00:00:00.0000000",
508,"customer295","customer295@gmail.com","0910000295","$2a$12$DemoHashForIE103DatabaseOnly","Lâm Thu Trang 295","Active",,"2024-03-10T00:00:00.0000000",
509,"customer355","customer355@gmail.com","0910000355","$2a$12$DemoHashForIE103DatabaseOnly","Lâm Thu Trang 355","Suspended",,"2024-03-11T00:00:00.0000000",
510,"customer415","customer415@gmail.com","0910000415","$2a$12$DemoHashForIE103DatabaseOnly","Lâm Thu Trang 415","Active",,"2024-03-12T00:00:00.0000000",
511,"customer475","customer475@gmail.com","0910000475","$2a$12$DemoHashForIE103DatabaseOnly","Lâm Thu Trang 475","Active",,"2024-03-13T00:00:00.0000000",
512,"customer476","customer476@gmail.com","0910000476","$2a$12$DemoHashForIE103DatabaseOnly","Huỳnh Gia Minh 476","Active",,"2024-03-14T00:00:00.0000000",
513,"customer416","customer416@gmail.com","0910000416","$2a$12$DemoHashForIE103DatabaseOnly","Huỳnh Gia Minh 416","Active",,"2024-03-15T00:00:00.0000000",
514,"customer356","customer356@gmail.com","0910000356","$2a$12$DemoHashForIE103DatabaseOnly","Huỳnh Gia Minh 356","Active",,"2024-03-16T00:00:00.0000000",
515,"customer296","customer296@gmail.com","0910000296","$2a$12$DemoHashForIE103DatabaseOnly","Huỳnh Gia Minh 296","Active",,"2024-03-17T00:00:00.0000000",
516,"customer236","customer236@gmail.com","0910000236","$2a$12$DemoHashForIE103DatabaseOnly","Huỳnh Gia Minh 236","Active",,"2024-03-18T00:00:00.0000000",
517,"customer176","customer176@gmail.com","0910000176","$2a$12$DemoHashForIE103DatabaseOnly","Huỳnh Gia Minh 176","Active",,"2024-03-19T00:00:00.0000000",
518,"customer116","customer116@gmail.com","0910000116","$2a$12$DemoHashForIE103DatabaseOnly","Huỳnh Gia Minh 116","Active",,"2024-03-20T00:00:00.0000000",
519,"customer56","customer56@gmail.com","0910000056","$2a$12$DemoHashForIE103DatabaseOnly","Huỳnh Gia Minh 056","Active",,"2024-03-21T00:00:00.0000000",
520,"customer57","customer57@gmail.com","0910000057","$2a$12$DemoHashForIE103DatabaseOnly","Vũ Ngọc Diệp 057","Active",,"2024-03-22T00:00:00.0000000",
521,"customer117","customer117@gmail.com","0910000117","$2a$12$DemoHashForIE103DatabaseOnly","Vũ Ngọc Diệp 117","Active",,"2024-03-23T00:00:00.0000000",
522,"customer177","customer177@gmail.com","0910000177","$2a$12$DemoHashForIE103DatabaseOnly","Vũ Ngọc Diệp 177","Active",,"2024-03-24T00:00:00.0000000",
523,"customer237","customer237@gmail.com","0910000237","$2a$12$DemoHashForIE103DatabaseOnly","Vũ Ngọc Diệp 237","Active",,"2024-03-25T00:00:00.0000000",
524,"customer297","customer297@gmail.com","0910000297","$2a$12$DemoHashForIE103DatabaseOnly","Vũ Ngọc Diệp 297","Active",,"2024-03-26T00:00:00.0000000",
525,"customer357","customer357@gmail.com","0910000357","$2a$12$DemoHashForIE103DatabaseOnly","Vũ Ngọc Diệp 357","Active",,"2024-03-27T00:00:00.0000000",
526,"customer417","customer417@gmail.com","0910000417","$2a$12$DemoHashForIE103DatabaseOnly","Vũ Ngọc Diệp 417","Active",,"2024-03-28T00:00:00.0000000",
527,"customer477","customer477@gmail.com","0910000477","$2a$12$DemoHashForIE103DatabaseOnly","Vũ Ngọc Diệp 477","Pending",,"2024-03-29T00:00:00.0000000",
528,"customer478","customer478@gmail.com","0910000478","$2a$12$DemoHashForIE103DatabaseOnly","Nguyễn Khánh Duy 478","Active",,"2024-03-30T00:00:00.0000000",
529,"customer418","customer418@gmail.com","0910000418","$2a$12$DemoHashForIE103DatabaseOnly","Nguyễn Khánh Duy 418","Active",,"2024-03-31T00:00:00.0000000",
530,"customer358","customer358@gmail.com","0910000358","$2a$12$DemoHashForIE103DatabaseOnly","Nguyễn Khánh Duy 358","Active",,"2024-04-01T00:00:00.0000000",
531,"customer298","customer298@gmail.com","0910000298","$2a$12$DemoHashForIE103DatabaseOnly","Nguyễn Khánh Duy 298","Active",,"2024-04-02T00:00:00.0000000",
532,"customer238","customer238@gmail.com","0910000238","$2a$12$DemoHashForIE103DatabaseOnly","Nguyễn Khánh Duy 238","Active",,"2024-04-03T00:00:00.0000000",
533,"customer178","customer178@gmail.com","0910000178","$2a$12$DemoHashForIE103DatabaseOnly","Nguyễn Khánh Duy 178","Active",,"2024-04-04T00:00:00.0000000",
534,"customer118","customer118@gmail.com","0910000118","$2a$12$DemoHashForIE103DatabaseOnly","Nguyễn Khánh Duy 118","Active",,"2024-04-05T00:00:00.0000000",
535,"customer58","customer58@gmail.com","0910000058","$2a$12$DemoHashForIE103DatabaseOnly","Nguyễn Khánh Duy 058","Active",,"2024-04-06T00:00:00.0000000",
536,"customer59","customer59@gmail.com","0910000059","$2a$12$DemoHashForIE103DatabaseOnly","Trần Thùy Dương 059","Active",,"2024-04-07T00:00:00.0000000",
537,"customer119","customer119@gmail.com","0910000119","$2a$12$DemoHashForIE103DatabaseOnly","Trần Thùy Dương 119","Active",,"2024-04-08T00:00:00.0000000",
538,"customer179","customer179@gmail.com","0910000179","$2a$12$DemoHashForIE103DatabaseOnly","Trần Thùy Dương 179","Active",,"2024-04-09T00:00:00.0000000",
539,"customer239","customer239@gmail.com","0910000239","$2a$12$DemoHashForIE103DatabaseOnly","Trần Thùy Dương 239","Active",,"2024-04-10T00:00:00.0000000",
540,"customer299","customer299@gmail.com","0910000299","$2a$12$DemoHashForIE103DatabaseOnly","Trần Thùy Dương 299","Active",,"2024-04-11T00:00:00.0000000",
541,"customer359","customer359@gmail.com","0910000359","$2a$12$DemoHashForIE103DatabaseOnly","Trần Thùy Dương 359","Active",,"2024-04-12T00:00:00.0000000",
542,"customer419","customer419@gmail.com","0910000419","$2a$12$DemoHashForIE103DatabaseOnly","Trần Thùy Dương 419","Active",,"2024-04-13T00:00:00.0000000",
543,"customer479","customer479@gmail.com","0910000479","$2a$12$DemoHashForIE103DatabaseOnly","Trần Thùy Dương 479","Active",,"2024-04-14T00:00:00.0000000",
544,"customer480","customer480@gmail.com","0910000480","$2a$12$DemoHashForIE103DatabaseOnly","Lê Bảo Nam 480","Active",,"2024-04-15T00:00:00.0000000",
545,"customer420","customer420@gmail.com","0910000420","$2a$12$DemoHashForIE103DatabaseOnly","Lê Bảo Nam 420","Active",,"2024-04-16T00:00:00.0000000",
546,"customer360","customer360@gmail.com","0910000360","$2a$12$DemoHashForIE103DatabaseOnly","Lê Bảo Nam 360","Active",,"2024-04-17T00:00:00.0000000",
547,"customer300","customer300@gmail.com","0910000300","$2a$12$DemoHashForIE103DatabaseOnly","Lê Bảo Nam 300","Active",,"2024-04-18T00:00:00.0000000",
548,"customer240","customer240@gmail.com","0910000240","$2a$12$DemoHashForIE103DatabaseOnly","Lê Bảo Nam 240","Active",,"2024-04-19T00:00:00.0000000",
549,"customer180","customer180@gmail.com","0910000180","$2a$12$DemoHashForIE103DatabaseOnly","Lê Bảo Nam 180","Active",,"2024-04-20T00:00:00.0000000",
550,"customer120","customer120@gmail.com","0910000120","$2a$12$DemoHashForIE103DatabaseOnly","Lê Bảo Nam 120","Active",,"2024-04-21T00:00:00.0000000",
551,"customer60","customer60@gmail.com","0910000060","$2a$12$DemoHashForIE103DatabaseOnly","Lê Bảo Nam 060","Active",,"2024-04-22T00:00:00.0000000",
552,"feature_user_DF42005A","feature_user_DF42005A@demo.local",,"FEATURE-DEMO-HASH","FEATURE-DEMO User","Active",,"2026-06-02T15:00:49.2090206",
553,"demo_customer","demo_customer@example.com","0900000001","$2a$11$hashGiaLapBcrypt................................","Khach Hang Demo","Active",,"2026-06-02T15:05:26.9092859",
