UserID,RoleID,AssignedAt
1,1,"2026-06-01T22:27:39.4942033"
2,1,"2026-06-01T22:27:39.4942033"
3,1,"2026-06-01T22:27:39.4942033"
4,3,"2026-06-01T22:27:39.4942033"
5,3,"2026-06-01T22:27:39.4942033"
6,3,"2026-06-01T22:27:39.4942033"
7,3,"2026-06-01T22:27:39.4942033"
8,3,"2026-06-01T22:27:39.4942033"
9,2,"2026-06-01T22:27:39.4942033"
10,2,"2026-06-01T22:27:39.4942033"
11,2,"2026-06-01T22:27:39.4942033"
12,2,"2026-06-01T22:27:39.4942033"
13,2,"2026-06-01T22:27:39.4942033"
14,2,"2026-06-01T22:27:39.4942033"
15,2,"2026-06-01T22:27:39.4942033"
16,2,"2026-06-01T22:27:39.4942033"
17,2,"2026-06-01T22:27:39.4942033"
18,2,"2026-06-01T22:27:39.4942033"
19,2,"2026-06-01T22:27:39.4942033"
20,2,"2026-06-01T22:27:39.4942033"
21,2,"2026-06-01T22:27:39.4942033"
22,2,"2026-06-01T22:27:39.4942033"
23,2,"2026-06-01T22:27:39.4942033"
24,2,"2026-06-01T22:27:39.4942033"
25,2,"2026-06-01T22:27:39.4942033"
26,2,"2026-06-01T22:27:39.4942033"
27,2,"2026-06-01T22:27:39.4942033"
28,2,"2026-06-01T22:27:39.4942033"
29,2,"2026-06-01T22:27:39.4942033"
30,2,"2026-06-01T22:27:39.4942033"
31,2,"2026-06-01T22:27:39.4942033"
32,2,"2026-06-01T22:27:39.4942033"
33,2,"2026-06-01T22:27:39.4942033"
34,2,"2026-06-01T22:27:39.4942033"
35,2,"2026-06-01T22:27:39.4942033"
36,2,"2026-06-01T22:27:39.4942033"
37,4,"2026-06-01T22:27:39.4942033"
38,4,"2026-06-01T22:27:39.4942033"
39,4,"2026-06-01T22:27:39.4942033"
40,4,"2026-06-01T22:27:39.4942033"
41,4,"2026-06-01T22:27:39.4942033"
42,4,"2026-06-01T22:27:39.4942033"
43,4,"2026-06-01T22:27:39.4942033"
44,4,"2026-06-01T22:27:39.4942033"
45,4,"2026-06-01T22:27:39.4942033"
46,4,"2026-06-01T22:27:39.4942033"
47,4,"2026-06-01T22:27:39.4942033"
48,4,"2026-06-01T22:27:39.4942033"
49,4,"2026-06-01T22:27:39.4942033"
50,4,"2026-06-01T22:27:39.4942033"
51,4,"2026-06-01T22:27:39.4942033"
52,5,"2026-06-01T22:27:39.4942033"
53,5,"2026-06-01T22:27:39.4942033"
54,5,"2026-06-01T22:27:39.4942033"
55,5,"2026-06-01T22:27:39.4942033"
56,5,"2026-06-01T22:27:39.4942033"
57,5,"2026-06-01T22:27:39.4942033"
58,5,"2026-06-01T22:27:39.4942033"
59,5,"2026-06-01T22:27:39.4942033"
60,5,"2026-06-01T22:27:39.4942033"
61,5,"2026-06-01T22:27:39.4942033"
62,5,"2026-06-01T22:27:39.4942033"
63,5,"2026-06-01T22:27:39.4942033"
64,5,"2026-06-01T22:27:39.4942033"
65,5,"2026-06-01T22:27:39.4942033"
66,5,"2026-06-01T22:27:39.4942033"
67,5,"2026-06-01T22:27:39.4942033"
68,5,"2026-06-01T22:27:39.4942033"
69,5,"2026-06-01T22:27:39.4942033"
70,5,"2026-06-01T22:27:39.4942033"
71,5,"2026-06-01T22:27:39.4942033"
72,5,"2026-06-01T22:27:39.4942033"
73,5,"2026-06-01T22:27:39.4942033"
74,5,"2026-06-01T22:27:39.4942033"
75,5,"2026-06-01T22:27:39.4942033"
76,5,"2026-06-01T22:27:39.4942033"
77,5,"2026-06-01T22:27:39.4942033"
78,5,"2026-06-01T22:27:39.4942033"
79,5,"2026-06-01T22:27:39.4942033"
80,5,"2026-06-01T22:27:39.4942033"
81,5,"2026-06-01T22:27:39.4942033"
82,5,"2026-06-01T22:27:39.4942033"
83,5,"2026-06-01T22:27:39.4942033"
84,5,"2026-06-01T22:27:39.4942033"
85,5,"2026-06-01T22:27:39.4942033"
86,5,"2026-06-01T22:27:39.4942033"
87,5,"2026-06-01T22:27:39.4942033"
88,5,"2026-06-01T22:27:39.4942033"
89,5,"2026-06-01T22:27:39.4942033"
90,5,"2026-06-01T22:27:39.4942033"
91,5,"2026-06-01T22:27:39.4942033"
92,5,"2026-06-01T22:27:39.4942033"
93,5,"2026-06-01T22:27:39.4942033"
94,5,"2026-06-01T22:27:39.4942033"
95,5,"2026-06-01T22:27:39.4942033"
96,5,"2026-06-01T22:27:39.4942033"
97,5,"2026-06-01T22:27:39.4942033"
98,5,"2026-06-01T22:27:39.4942033"
99,5,"2026-06-01T22:27:39.4942033"
100,5,"2026-06-01T22:27:39.4942033"
101,5,"2026-06-01T22:27:39.4942033"
102,5,"2026-06-01T22:27:39.4942033"
103,5,"2026-06-01T22:27:39.4942033"
104,5,"2026-06-01T22:27:39.4942033"
105,5,"2026-06-01T22:27:39.4942033"
106,5,"2026-06-01T22:27:39.4942033"
107,5,"2026-06-01T22:27:39.4942033"
108,5,"2026-06-01T22:27:39.4942033"
109,5,"2026-06-01T22:27:39.4942033"
110,5,"2026-06-01T22:27:39.4942033"
111,5,"2026-06-01T22:27:39.4942033"
112,5,"2026-06-01T22:27:39.4942033"
113,5,"2026-06-01T22:27:39.4942033"
114,5,"2026-06-01T22:27:39.4942033"
115,5,"2026-06-01T22:27:39.4942033"
116,5,"2026-06-01T22:27:39.4942033"
117,5,"2026-06-01T22:27:39.4942033"
118,5,"2026-06-01T22:27:39.4942033"
119,5,"2026-06-01T22:27:39.4942033"
120,5,"2026-06-01T22:27:39.4942033"
121,5,"2026-06-01T22:27:39.4942033"
122,5,"2026-06-01T22:27:39.4942033"
123,5,"2026-06-01T22:27:39.4942033"
124,5,"2026-06-01T22:27:39.4942033"
125,5,"2026-06-01T22:27:39.4942033"
126,5,"2026-06-01T22:27:39.4942033"
127,5,"2026-06-01T22:27:39.4942033"
128,5,"2026-06-01T22:27:39.4942033"
129,5,"2026-06-01T22:27:39.4942033"
130,5,"2026-06-01T22:27:39.4942033"
131,5,"2026-06-01T22:27:39.4942033"
132,5,"2026-06-01T22:27:39.4942033"
133,5,"2026-06-01T22:27:39.4942033"
134,5,"2026-06-01T22:27:39.4942033"
135,5,"2026-06-01T22:27:39.4942033"
136,5,"2026-06-01T22:27:39.4942033"
137,5,"2026-06-01T22:27:39.4942033"
138,5,"2026-06-01T22:27:39.4942033"
139,5,"2026-06-01T22:27:39.4942033"
140,5,"2026-06-01T22:27:39.4942033"
141,5,"2026-06-01T22:27:39.4942033"
142,5,"2026-06-01T22:27:39.4942033"
143,5,"2026-06-01T22:27:39.4942033"
144,5,"2026-06-01T22:27:39.4942033"
145,5,"2026-06-01T22:27:39.4942033"
146,5,"2026-06-01T22:27:39.4942033"
147,5,"2026-06-01T22:27:39.4942033"
148,5,"2026-06-01T22:27:39.4942033"
149,5,"2026-06-01T22:27:39.4942033"
150,5,"2026-06-01T22:27:39.4942033"
151,5,"2026-06-01T22:27:39.4942033"
152,5,"2026-06-01T22:27:39.4942033"
153,5,"2026-06-01T22:27:39.4942033"
154,5,"2026-06-01T22:27:39.4942033"
155,5,"2026-06-01T22:27:39.4942033"
156,5,"2026-06-01T22:27:39.4942033"
157,5,"2026-06-01T22:27:39.4942033"
158,5,"2026-06-01T22:27:39.4942033"
159,5,"2026-06-01T22:27:39.4942033"
160,5,"2026-06-01T22:27:39.4942033"
161,5,"2026-06-01T22:27:39.4942033"
162,5,"2026-06-01T22:27:39.4942033"
163,5,"2026-06-01T22:27:39.4942033"
164,5,"2026-06-01T22:27:39.4942033"
165,5,"2026-06-01T22:27:39.4942033"
166,5,"2026-06-01T22:27:39.4942033"
167,5,"2026-06-01T22:27:39.4942033"
168,5,"2026-06-01T22:27:39.4942033"
169,5,"2026-06-01T22:27:39.4942033"
170,5,"2026-06-01T22:27:39.4942033"
171,5,"2026-06-01T22:27:39.4942033"
172,5,"2026-06-01T22:27:39.4942033"
173,5,"2026-06-01T22:27:39.4942033"
174,5,"2026-06-01T22:27:39.4942033"
175,5,"2026-06-01T22:27:39.4942033"
176,5,"2026-06-01T22:27:39.4942033"
177,5,"2026-06-01T22:27:39.4942033"
178,5,"2026-06-01T22:27:39.4942033"
179,5,"2026-06-01T22:27:39.4942033"
180,5,"2026-06-01T22:27:39.4942033"
181,5,"2026-06-01T22:27:39.4942033"
182,5,"2026-06-01T22:27:39.4942033"
183,5,"2026-06-01T22:27:39.4942033"
184,5,"2026-06-01T22:27:39.4942033"
185,5,"2026-06-01T22:27:39.4942033"
186,5,"2026-06-01T22:27:39.4942033"
187,5,"2026-06-01T22:27:39.4942033"
188,5,"2026-06-01T22:27:39.4942033"
189,5,"2026-06-01T22:27:39.4942033"
190,5,"2026-06-01T22:27:39.4942033"
191,5,"2026-06-01T22:27:39.4942033"
192,5,"2026-06-01T22:27:39.4942033"
193,5,"2026-06-01T22:27:39.4942033"
194,5,"2026-06-01T22:27:39.4942033"
195,5,"2026-06-01T22:27:39.4942033"
196,5,"2026-06-01T22:27:39.4942033"
197,5,"2026-06-01T22:27:39.4942033"
198,5,"2026-06-01T22:27:39.4942033"
199,5,"2026-06-01T22:27:39.4942033"
200,5,"2026-06-01T22:27:39.4942033"
201,5,"2026-06-01T22:27:39.4942033"
202,5,"2026-06-01T22:27:39.4942033"
203,5,"2026-06-01T22:27:39.4942033"
204,5,"2026-06-01T22:27:39.4942033"
205,5,"2026-06-01T22:27:39.4942033"
206,5,"2026-06-01T22:27:39.4942033"
207,5,"2026-06-01T22:27:39.4942033"
208,5,"2026-06-01T22:27:39.4942033"
209,5,"2026-06-01T22:27:39.4942033"
210,5,"2026-06-01T22:27:39.4942033"
211,5,"2026-06-01T22:27:39.4942033"
212,5,"2026-06-01T22:27:39.4942033"
213,5,"2026-06-01T22:27:39.4942033"
214,5,"2026-06-01T22:27:39.4942033"
215,5,"2026-06-01T22:27:39.4942033"
216,5,"2026-06-01T22:27:39.4942033"
217,5,"2026-06-01T22:27:39.4942033"
218,5,"2026-06-01T22:27:39.4942033"
219,5,"2026-06-01T22:27:39.4942033"
220,5,"2026-06-01T22:27:39.4942033"
221,5,"2026-06-01T22:27:39.4942033"
222,5,"2026-06-01T22:27:39.4942033"
223,5,"2026-06-01T22:27:39.4942033"
224,5,"2026-06-01T22:27:39.4942033"
225,5,"2026-06-01T22:27:39.4942033"
226,5,"2026-06-01T22:27:39.4942033"
227,5,"2026-06-01T22:27:39.4942033"
228,5,"2026-06-01T22:27:39.4942033"
229,5,"2026-06-01T22:27:39.4942033"
230,5,"2026-06-01T22:27:39.4942033"
231,5,"2026-06-01T22:27:39.4942033"
232,5,"2026-06-01T22:27:39.4942033"
233,5,"2026-06-01T22:27:39.4942033"
234,5,"2026-06-01T22:27:39.4942033"
235,5,"2026-06-01T22:27:39.4942033"
236,5,"2026-06-01T22:27:39.4942033"
237,5,"2026-06-01T22:27:39.4942033"
238,5,"2026-06-01T22:27:39.4942033"
239,5,"2026-06-01T22:27:39.4942033"
240,5,"2026-06-01T22:27:39.4942033"
241,5,"2026-06-01T22:27:39.4942033"
242,5,"2026-06-01T22:27:39.4942033"
243,5,"2026-06-01T22:27:39.4942033"
244,5,"2026-06-01T22:27:39.4942033"
245,5,"2026-06-01T22:27:39.4942033"
246,5,"2026-06-01T22:27:39.4942033"
247,5,"2026-06-01T22:27:39.4942033"
248,5,"2026-06-01T22:27:39.4942033"
249,5,"2026-06-01T22:27:39.4942033"
250,5,"2026-06-01T22:27:39.4942033"
251,5,"2026-06-01T22:27:39.4942033"
252,5,"2026-06-01T22:27:39.4942033"
253,5,"2026-06-01T22:27:39.4942033"
254,5,"2026-06-01T22:27:39.4942033"
255,5,"2026-06-01T22:27:39.4942033"
256,5,"2026-06-01T22:27:39.4942033"
257,5,"2026-06-01T22:27:39.4942033"
258,5,"2026-06-01T22:27:39.4942033"
259,5,"2026-06-01T22:27:39.4942033"
260,5,"2026-06-01T22:27:39.4942033"
261,5,"2026-06-01T22:27:39.4942033"
262,5,"2026-06-01T22:27:39.4942033"
263,5,"2026-06-01T22:27:39.4942033"
264,5,"2026-06-01T22:27:39.4942033"
265,5,"2026-06-01T22:27:39.4942033"
266,5,"2026-06-01T22:27:39.4942033"
267,5,"2026-06-01T22:27:39.4942033"
268,5,"2026-06-01T22:27:39.4942033"
269,5,"2026-06-01T22:27:39.4942033"
270,5,"2026-06-01T22:27:39.4942033"
271,5,"2026-06-01T22:27:39.4942033"
272,5,"2026-06-01T22:27:39.4942033"
273,5,"2026-06-01T22:27:39.4942033"
274,5,"2026-06-01T22:27:39.4942033"
275,5,"2026-06-01T22:27:39.4942033"
276,5,"2026-06-01T22:27:39.4942033"
277,5,"2026-06-01T22:27:39.4942033"
278,5,"2026-06-01T22:27:39.4942033"
279,5,"2026-06-01T22:27:39.4942033"
280,5,"2026-06-01T22:27:39.4942033"
281,5,"2026-06-01T22:27:39.4942033"
282,5,"2026-06-01T22:27:39.4942033"
283,5,"2026-06-01T22:27:39.4942033"
284,5,"2026-06-01T22:27:39.4942033"
285,5,"2026-06-01T22:27:39.4942033"
286,5,"2026-06-01T22:27:39.4942033"
287,5,"2026-06-01T22:27:39.4942033"
288,5,"2026-06-01T22:27:39.4942033"
289,5,"2026-06-01T22:27:39.4942033"
290,5,"2026-06-01T22:27:39.4942033"
291,5,"2026-06-01T22:27:39.4942033"
292,5,"2026-06-01T22:27:39.4942033"
293,5,"2026-06-01T22:27:39.4942033"
294,5,"2026-06-01T22:27:39.4942033"
295,5,"2026-06-01T22:27:39.4942033"
296,5,"2026-06-01T22:27:39.4942033"
297,5,"2026-06-01T22:27:39.4942033"
298,5,"2026-06-01T22:27:39.4942033"
299,5,"2026-06-01T22:27:39.4942033"
300,5,"2026-06-01T22:27:39.4942033"
301,5,"2026-06-01T22:27:39.4942033"
302,5,"2026-06-01T22:27:39.4942033"
303,5,"2026-06-01T22:27:39.4942033"
304,5,"2026-06-01T22:27:39.4942033"
305,5,"2026-06-01T22:27:39.4942033"
306,5,"2026-06-01T22:27:39.4942033"
307,5,"2026-06-01T22:27:39.4942033"
308,5,"2026-06-01T22:27:39.4942033"
309,5,"2026-06-01T22:27:39.4942033"
310,5,"2026-06-01T22:27:39.4942033"
311,5,"2026-06-01T22:27:39.4942033"
312,5,"2026-06-01T22:27:39.4942033"
313,5,"2026-06-01T22:27:39.4942033"
314,5,"2026-06-01T22:27:39.4942033"
315,5,"2026-06-01T22:27:39.4942033"
316,5,"2026-06-01T22:27:39.4942033"
317,5,"2026-06-01T22:27:39.4942033"
318,5,"2026-06-01T22:27:39.4942033"
319,5,"2026-06-01T22:27:39.4942033"
320,5,"2026-06-01T22:27:39.4942033"
321,5,"2026-06-01T22:27:39.4942033"
322,5,"2026-06-01T22:27:39.4942033"
323,5,"2026-06-01T22:27:39.4942033"
324,5,"2026-06-01T22:27:39.4942033"
325,5,"2026-06-01T22:27:39.4942033"
326,5,"2026-06-01T22:27:39.4942033"
327,5,"2026-06-01T22:27:39.4942033"
328,5,"2026-06-01T22:27:39.4942033"
329,5,"2026-06-01T22:27:39.4942033"
330,5,"2026-06-01T22:27:39.4942033"
331,5,"2026-06-01T22:27:39.4942033"
332,5,"2026-06-01T22:27:39.4942033"
333,5,"2026-06-01T22:27:39.4942033"
334,5,"2026-06-01T22:27:39.4942033"
335,5,"2026-06-01T22:27:39.4942033"
336,5,"2026-06-01T22:27:39.4942033"
337,5,"2026-06-01T22:27:39.4942033"
338,5,"2026-06-01T22:27:39.4942033"
339,5,"2026-06-01T22:27:39.4942033"
340,5,"2026-06-01T22:27:39.4942033"
341,5,"2026-06-01T22:27:39.4942033"
342,5,"2026-06-01T22:27:39.4942033"
343,5,"2026-06-01T22:27:39.4942033"
344,5,"2026-06-01T22:27:39.4942033"
345,5,"2026-06-01T22:27:39.4942033"
346,5,"2026-06-01T22:27:39.4942033"
347,5,"2026-06-01T22:27:39.4942033"
348,5,"2026-06-01T22:27:39.4942033"
349,5,"2026-06-01T22:27:39.4942033"
350,5,"2026-06-01T22:27:39.4942033"
351,5,"2026-06-01T22:27:39.4942033"
352,5,"2026-06-01T22:27:39.4942033"
353,5,"2026-06-01T22:27:39.4942033"
354,5,"2026-06-01T22:27:39.4942033"
355,5,"2026-06-01T22:27:39.4942033"
356,5,"2026-06-01T22:27:39.4942033"
357,5,"2026-06-01T22:27:39.4942033"
358,5,"2026-06-01T22:27:39.4942033"
359,5,"2026-06-01T22:27:39.4942033"
360,5,"2026-06-01T22:27:39.4942033"
361,5,"2026-06-01T22:27:39.4942033"
362,5,"2026-06-01T22:27:39.4942033"
363,5,"2026-06-01T22:27:39.4942033"
364,5,"2026-06-01T22:27:39.4942033"
365,5,"2026-06-01T22:27:39.4942033"
366,5,"2026-06-01T22:27:39.4942033"
367,5,"2026-06-01T22:27:39.4942033"
368,5,"2026-06-01T22:27:39.4942033"
369,5,"2026-06-01T22:27:39.4942033"
370,5,"2026-06-01T22:27:39.4942033"
371,5,"2026-06-01T22:27:39.4942033"
372,5,"2026-06-01T22:27:39.4942033"
373,5,"2026-06-01T22:27:39.4942033"
374,5,"2026-06-01T22:27:39.4942033"
375,5,"2026-06-01T22:27:39.4942033"
376,5,"2026-06-01T22:27:39.4942033"
377,5,"2026-06-01T22:27:39.4942033"
378,5,"2026-06-01T22:27:39.4942033"
379,5,"2026-06-01T22:27:39.4942033"
380,5,"2026-06-01T22:27:39.4942033"
381,5,"2026-06-01T22:27:39.4942033"
382,5,"2026-06-01T22:27:39.4942033"
383,5,"2026-06-01T22:27:39.4942033"
384,5,"2026-06-01T22:27:39.4942033"
385,5,"2026-06-01T22:27:39.4942033"
386,5,"2026-06-01T22:27:39.4942033"
387,5,"2026-06-01T22:27:39.4942033"
388,5,"2026-06-01T22:27:39.4942033"
389,5,"2026-06-01T22:27:39.4942033"
390,5,"2026-06-01T22:27:39.4942033"
391,5,"2026-06-01T22:27:39.4942033"
392,5,"2026-06-01T22:27:39.4942033"
393,5,"2026-06-01T22:27:39.4942033"
394,5,"2026-06-01T22:27:39.4942033"
395,5,"2026-06-01T22:27:39.4942033"
396,5,"2026-06-01T22:27:39.4942033"
397,5,"2026-06-01T22:27:39.4942033"
398,5,"2026-06-01T22:27:39.4942033"
399,5,"2026-06-01T22:27:39.4942033"
400,5,"2026-06-01T22:27:39.4942033"
401,5,"2026-06-01T22:27:39.4942033"
402,5,"2026-06-01T22:27:39.4942033"
403,5,"2026-06-01T22:27:39.4942033"
404,5,"2026-06-01T22:27:39.4942033"
405,5,"2026-06-01T22:27:39.4942033"
406,5,"2026-06-01T22:27:39.4942033"
407,5,"2026-06-01T22:27:39.4942033"
408,5,"2026-06-01T22:27:39.4942033"
409,5,"2026-06-01T22:27:39.4942033"
410,5,"2026-06-01T22:27:39.4942033"
411,5,"2026-06-01T22:27:39.4942033"
412,5,"2026-06-01T22:27:39.4942033"
413,5,"2026-06-01T22:27:39.4942033"
414,5,"2026-06-01T22:27:39.4942033"
415,5,"2026-06-01T22:27:39.4942033"
416,5,"2026-06-01T22:27:39.4942033"
417,5,"2026-06-01T22:27:39.4942033"
418,5,"2026-06-01T22:27:39.4942033"
419,5,"2026-06-01T22:27:39.4942033"
420,5,"2026-06-01T22:27:39.4942033"
421,5,"2026-06-01T22:27:39.4942033"
422,5,"2026-06-01T22:27:39.4942033"
423,5,"2026-06-01T22:27:39.4942033"
424,5,"2026-06-01T22:27:39.4942033"
425,5,"2026-06-01T22:27:39.4942033"
426,5,"2026-06-01T22:27:39.4942033"
427,5,"2026-06-01T22:27:39.4942033"
428,5,"2026-06-01T22:27:39.4942033"
429,5,"2026-06-01T22:27:39.4942033"
430,5,"2026-06-01T22:27:39.4942033"
431,5,"2026-06-01T22:27:39.4942033"
432,5,"2026-06-01T22:27:39.4942033"
433,5,"2026-06-01T22:27:39.4942033"
434,5,"2026-06-01T22:27:39.4942033"
435,5,"2026-06-01T22:27:39.4942033"
436,5,"2026-06-01T22:27:39.4942033"
437,5,"2026-06-01T22:27:39.4942033"
438,5,"2026-06-01T22:27:39.4942033"
439,5,"2026-06-01T22:27:39.4942033"
440,5,"2026-06-01T22:27:39.4942033"
441,5,"2026-06-01T22:27:39.4942033"
442,5,"2026-06-01T22:27:39.4942033"
443,5,"2026-06-01T22:27:39.4942033"
444,5,"2026-06-01T22:27:39.4942033"
445,5,"2026-06-01T22:27:39.4942033"
446,5,"2026-06-01T22:27:39.4942033"
447,5,"2026-06-01T22:27:39.4942033"
448,5,"2026-06-01T22:27:39.4942033"
449,5,"2026-06-01T22:27:39.4942033"
450,5,"2026-06-01T22:27:39.4942033"
451,5,"2026-06-01T22:27:39.4942033"
452,5,"2026-06-01T22:27:39.4942033"
453,5,"2026-06-01T22:27:39.4942033"
454,5,"2026-06-01T22:27:39.4942033"
455,5,"2026-06-01T22:27:39.4942033"
456,5,"2026-06-01T22:27:39.4942033"
457,5,"2026-06-01T22:27:39.4942033"
458,5,"2026-06-01T22:27:39.4942033"
459,5,"2026-06-01T22:27:39.4942033"
460,5,"2026-06-01T22:27:39.4942033"
461,5,"2026-06-01T22:27:39.4942033"
462,5,"2026-06-01T22:27:39.4942033"
463,5,"2026-06-01T22:27:39.4942033"
464,5,"2026-06-01T22:27:39.4942033"
465,5,"2026-06-01T22:27:39.4942033"
466,5,"2026-06-01T22:27:39.4942033"
467,5,"2026-06-01T22:27:39.4942033"
468,5,"2026-06-01T22:27:39.4942033"
469,5,"2026-06-01T22:27:39.4942033"
470,5,"2026-06-01T22:27:39.4942033"
471,5,"2026-06-01T22:27:39.4942033"
472,5,"2026-06-01T22:27:39.4942033"
473,5,"2026-06-01T22:27:39.4942033"
474,5,"2026-06-01T22:27:39.4942033"
475,5,"2026-06-01T22:27:39.4942033"
476,5,"2026-06-01T22:27:39.4942033"
477,5,"2026-06-01T22:27:39.4942033"
478,5,"2026-06-01T22:27:39.4942033"
479,5,"2026-06-01T22:27:39.4942033"
480,5,"2026-06-01T22:27:39.4942033"
481,5,"2026-06-01T22:27:39.4942033"
482,5,"2026-06-01T22:27:39.4942033"
483,5,"2026-06-01T22:27:39.4942033"
484,5,"2026-06-01T22:27:39.4942033"
485,5,"2026-06-01T22:27:39.4942033"
486,5,"2026-06-01T22:27:39.4942033"
487,5,"2026-06-01T22:27:39.4942033"
488,5,"2026-06-01T22:27:39.4942033"
489,5,"2026-06-01T22:27:39.4942033"
490,5,"2026-06-01T22:27:39.4942033"
491,5,"2026-06-01T22:27:39.4942033"
492,5,"2026-06-01T22:27:39.4942033"
493,5,"2026-06-01T22:27:39.4942033"
494,5,"2026-06-01T22:27:39.4942033"
495,5,"2026-06-01T22:27:39.4942033"
496,5,"2026-06-01T22:27:39.4942033"
497,5,"2026-06-01T22:27:39.4942033"
498,5,"2026-06-01T22:27:39.4942033"
499,5,"2026-06-01T22:27:39.4942033"
500,5,"2026-06-01T22:27:39.4942033"
501,5,"2026-06-01T22:27:39.4942033"
502,5,"2026-06-01T22:27:39.4942033"
503,5,"2026-06-01T22:27:39.4942033"
504,5,"2026-06-01T22:27:39.4942033"
505,5,"2026-06-01T22:27:39.4942033"
506,5,"2026-06-01T22:27:39.4942033"
507,5,"2026-06-01T22:27:39.4942033"
508,5,"2026-06-01T22:27:39.4942033"
509,5,"2026-06-01T22:27:39.4942033"
510,5,"2026-06-01T22:27:39.4942033"
511,5,"2026-06-01T22:27:39.4942033"
512,5,"2026-06-01T22:27:39.4942033"
513,5,"2026-06-01T22:27:39.4942033"
514,5,"2026-06-01T22:27:39.4942033"
515,5,"2026-06-01T22:27:39.4942033"
516,5,"2026-06-01T22:27:39.4942033"
517,5,"2026-06-01T22:27:39.4942033"
518,5,"2026-06-01T22:27:39.4942033"
519,5,"2026-06-01T22:27:39.4942033"
520,5,"2026-06-01T22:27:39.4942033"
521,5,"2026-06-01T22:27:39.4942033"
522,5,"2026-06-01T22:27:39.4942033"
523,5,"2026-06-01T22:27:39.4942033"
524,5,"2026-06-01T22:27:39.4942033"
525,5,"2026-06-01T22:27:39.4942033"
526,5,"2026-06-01T22:27:39.4942033"
527,5,"2026-06-01T22:27:39.4942033"
528,5,"2026-06-01T22:27:39.4942033"
529,5,"2026-06-01T22:27:39.4942033"
530,5,"2026-06-01T22:27:39.4942033"
531,5,"2026-06-01T22:27:39.4942033"
532,5,"2026-06-01T22:27:39.4942033"
533,5,"2026-06-01T22:27:39.4942033"
534,5,"2026-06-01T22:27:39.4942033"
535,5,"2026-06-01T22:27:39.4942033"
536,5,"2026-06-01T22:27:39.4942033"
537,5,"2026-06-01T22:27:39.4942033"
538,5,"2026-06-01T22:27:39.4942033"
539,5,"2026-06-01T22:27:39.4942033"
540,5,"2026-06-01T22:27:39.4942033"
541,5,"2026-06-01T22:27:39.4942033"
542,5,"2026-06-01T22:27:39.4942033"
543,5,"2026-06-01T22:27:39.4942033"
544,5,"2026-06-01T22:27:39.4942033"
545,5,"2026-06-01T22:27:39.4942033"
546,5,"2026-06-01T22:27:39.4942033"
547,5,"2026-06-01T22:27:39.4942033"
548,5,"2026-06-01T22:27:39.4942033"
549,5,"2026-06-01T22:27:39.4942033"
550,5,"2026-06-01T22:27:39.4942033"
551,5,"2026-06-01T22:27:39.4942033"
552,5,"2026-06-02T15:00:49.2467614"
553,5,"2026-06-02T15:05:26.9273957"
