VehicleID,UserID,PlateNumber,Brand,Model,BatteryCapacityKWh,PreferredConnectorTypeID,IsActive,CreatedAt
1,52,"30E-10001","VinFast","VF 8",82.00,3,1,"2023-12-05T01:00:00.0000000"
2,53,"43E-10002","VinFast","VF 9",92.00,1,1,"2023-12-06T01:00:00.0000000"
3,54,"61E-10003","Tesla","Model 3",75.00,1,1,"2023-12-07T01:00:00.0000000"
4,55,"15E-10004","Hyundai","Ioniq 5",72.60,1,1,"2023-12-08T01:00:00.0000000"
5,56,"60E-10005","Kia","EV6",77.40,1,1,"2023-12-09T01:00:00.0000000"
6,57,"65E-10006","BYD","Atto 3",60.50,1,1,"2023-12-10T01:00:00.0000000"
7,58,"72E-10007","MG","MG4 Electric",64.00,1,1,"2023-12-11T01:00:00.0000000"
8,59,"79E-10008","Porsche","Taycan",93.40,1,1,"2023-12-12T01:00:00.0000000"
9,60,"29E-10009","Volvo","XC40 Recharge",78.00,3,1,"2023-12-13T01:00:00.0000000"
10,61,"51E-10010","VinFast","VF e34",42.00,3,1,"2023-12-14T01:00:00.0000000"
11,62,"30E-10011","VinFast","VF 8",82.00,1,1,"2023-12-15T01:00:00.0000000"
12,63,"43E-10012","VinFast","VF 9",92.00,1,1,"2023-12-16T01:00:00.0000000"
13,64,"61E-10013","Tesla","Model 3",75.00,1,1,"2023-12-17T01:00:00.0000000"
14,65,"15E-10014","Hyundai","Ioniq 5",72.60,1,1,"2023-12-18T01:00:00.0000000"
15,66,"60E-10015","Kia","EV6",77.40,1,1,"2023-12-19T01:00:00.0000000"
16,67,"65E-10016","BYD","Atto 3",60.50,1,1,"2023-12-20T01:00:00.0000000"
17,68,"72E-10017","MG","MG4 Electric",64.00,1,1,"2023-12-21T01:00:00.0000000"
18,69,"79E-10018","Porsche","Taycan",93.40,3,1,"2023-12-22T01:00:00.0000000"
19,70,"29E-10019","Volvo","XC40 Recharge",78.00,3,1,"2023-12-23T01:00:00.0000000"
20,71,"51E-10020","VinFast","VF e34",42.00,1,1,"2023-12-24T01:00:00.0000000"
21,72,"30E-10021","VinFast","VF 8",82.00,1,1,"2023-12-25T01:00:00.0000000"
22,73,"43E-10022","VinFast","VF 9",92.00,1,1,"2023-12-26T01:00:00.0000000"
23,74,"61E-10023","Tesla","Model 3",75.00,1,1,"2023-12-27T01:00:00.0000000"
24,75,"15E-10024","Hyundai","Ioniq 5",72.60,1,1,"2023-12-28T01:00:00.0000000"
25,76,"60E-10025","Kia","EV6",77.40,1,1,"2023-12-29T01:00:00.0000000"
26,77,"65E-10026","BYD","Atto 3",60.50,1,1,"2023-12-30T01:00:00.0000000"
27,78,"72E-10027","MG","MG4 Electric",64.00,3,1,"2023-12-31T01:00:00.0000000"
28,79,"79E-10028","Porsche","Taycan",93.40,3,1,"2024-01-01T01:00:00.0000000"
29,80,"29E-10029","Volvo","XC40 Recharge",78.00,1,1,"2024-01-02T01:00:00.0000000"
30,81,"51E-10030","VinFast","VF e34",42.00,1,1,"2024-01-03T01:00:00.0000000"
31,82,"30E-10031","VinFast","VF 8",82.00,1,1,"2024-01-04T01:00:00.0000000"
32,83,"43E-10032","VinFast","VF 9",92.00,1,1,"2024-01-05T01:00:00.0000000"
33,84,"61E-10033","Tesla","Model 3",75.00,1,1,"2024-01-06T01:00:00.0000000"
34,85,"15E-10034","Hyundai","Ioniq 5",72.60,1,1,"2024-01-07T01:00:00.0000000"
35,86,"60E-10035","Kia","EV6",77.40,1,1,"2024-01-08T01:00:00.0000000"
36,87,"65E-10036","BYD","Atto 3",60.50,3,1,"2024-01-09T01:00:00.0000000"
37,88,"72E-10037","MG","MG4 Electric",64.00,3,1,"2024-01-10T01:00:00.0000000"
38,89,"79E-10038","Porsche","Taycan",93.40,1,1,"2024-01-11T01:00:00.0000000"
39,90,"29E-10039","Volvo","XC40 Recharge",78.00,1,1,"2024-01-12T01:00:00.0000000"
40,91,"51E-10040","VinFast","VF e34",42.00,1,1,"2024-01-13T01:00:00.0000000"
41,92,"30E-10041","VinFast","VF 8",82.00,1,1,"2024-01-14T01:00:00.0000000"
42,93,"43E-10042","VinFast","VF 9",92.00,1,1,"2024-01-15T01:00:00.0000000"
43,94,"61E-10043","Tesla","Model 3",75.00,1,1,"2024-01-16T01:00:00.0000000"
44,95,"15E-10044","Hyundai","Ioniq 5",72.60,1,1,"2024-01-17T01:00:00.0000000"
45,96,"60E-10045","Kia","EV6",77.40,3,1,"2024-01-18T01:00:00.0000000"
46,97,"65E-10046","BYD","Atto 3",60.50,3,1,"2024-01-19T01:00:00.0000000"
47,98,"72E-10047","MG","MG4 Electric",64.00,1,1,"2024-01-20T01:00:00.0000000"
48,99,"79E-10048","Porsche","Taycan",93.40,1,1,"2024-01-21T01:00:00.0000000"
49,100,"29E-10049","Volvo","XC40 Recharge",78.00,1,1,"2024-01-22T01:00:00.0000000"
50,101,"51E-10050","VinFast","VF e34",42.00,1,1,"2024-01-23T01:00:00.0000000"
51,102,"30E-10051","VinFast","VF 8",82.00,1,1,"2024-01-24T01:00:00.0000000"
52,103,"43E-10052","VinFast","VF 9",92.00,1,1,"2024-01-25T01:00:00.0000000"
53,104,"61E-10053","Tesla","Model 3",75.00,1,1,"2024-01-26T01:00:00.0000000"
54,105,"15E-10054","Hyundai","Ioniq 5",72.60,3,1,"2024-01-27T01:00:00.0000000"
55,106,"60E-10055","Kia","EV6",77.40,3,1,"2024-01-28T01:00:00.0000000"
56,107,"65E-10056","BYD","Atto 3",60.50,1,1,"2024-01-29T01:00:00.0000000"
57,108,"72E-10057","MG","MG4 Electric",64.00,1,1,"2024-01-30T01:00:00.0000000"
58,109,"79E-10058","Porsche","Taycan",93.40,1,1,"2024-01-31T01:00:00.0000000"
59,110,"29E-10059","Volvo","XC40 Recharge",78.00,1,1,"2024-02-01T01:00:00.0000000"
60,111,"51E-10060","VinFast","VF e34",42.00,1,1,"2024-02-02T01:00:00.0000000"
61,112,"30E-10061","VinFast","VF 8",82.00,1,1,"2024-02-03T01:00:00.0000000"
62,113,"43E-10062","VinFast","VF 9",92.00,1,1,"2024-02-04T01:00:00.0000000"
63,114,"61E-10063","Tesla","Model 3",75.00,3,1,"2024-02-05T01:00:00.0000000"
64,115,"15E-10064","Hyundai","Ioniq 5",72.60,3,1,"2024-02-06T01:00:00.0000000"
65,116,"60E-10065","Kia","EV6",77.40,1,1,"2024-02-07T01:00:00.0000000"
66,117,"65E-10066","BYD","Atto 3",60.50,1,1,"2024-02-08T01:00:00.0000000"
67,118,"72E-10067","MG","MG4 Electric",64.00,1,1,"2024-02-09T01:00:00.0000000"
68,119,"79E-10068","Porsche","Taycan",93.40,1,1,"2024-02-10T01:00:00.0000000"
69,120,"29E-10069","Volvo","XC40 Recharge",78.00,1,1,"2024-02-11T01:00:00.0000000"
70,121,"51E-10070","VinFast","VF e34",42.00,1,1,"2024-02-12T01:00:00.0000000"
71,122,"30E-10071","VinFast","VF 8",82.00,1,1,"2024-02-13T01:00:00.0000000"
72,123,"43E-10072","VinFast","VF 9",92.00,3,1,"2024-02-14T01:00:00.0000000"
73,124,"61E-10073","Tesla","Model 3",75.00,3,1,"2024-02-15T01:00:00.0000000"
74,125,"15E-10074","Hyundai","Ioniq 5",72.60,1,1,"2024-02-16T01:00:00.0000000"
75,126,"60E-10075","Kia","EV6",77.40,1,1,"2024-02-17T01:00:00.0000000"
76,127,"65E-10076","BYD","Atto 3",60.50,1,1,"2024-02-18T01:00:00.0000000"
77,128,"72E-10077","MG","MG4 Electric",64.00,1,1,"2024-02-19T01:00:00.0000000"
78,129,"79E-10078","Porsche","Taycan",93.40,1,1,"2024-02-20T01:00:00.0000000"
79,130,"29E-10079","Volvo","XC40 Recharge",78.00,1,1,"2024-02-21T01:00:00.0000000"
80,131,"51E-10080","VinFast","VF e34",42.00,1,1,"2024-02-22T01:00:00.0000000"
81,132,"30E-10081","VinFast","VF 8",82.00,3,1,"2024-02-23T01:00:00.0000000"
82,133,"43E-10082","VinFast","VF 9",92.00,3,1,"2024-02-24T01:00:00.0000000"
83,134,"61E-10083","Tesla","Model 3",75.00,1,1,"2024-02-25T01:00:00.0000000"
84,135,"15E-10084","Hyundai","Ioniq 5",72.60,1,1,"2024-02-26T01:00:00.0000000"
85,136,"60E-10085","Kia","EV6",77.40,1,1,"2024-02-27T01:00:00.0000000"
86,137,"65E-10086","BYD","Atto 3",60.50,1,1,"2024-02-28T01:00:00.0000000"
87,138,"72E-10087","MG","MG4 Electric",64.00,1,1,"2024-02-29T01:00:00.0000000"
88,139,"79E-10088","Porsche","Taycan",93.40,1,1,"2024-03-01T01:00:00.0000000"
89,140,"29E-10089","Volvo","XC40 Recharge",78.00,1,1,"2024-03-02T01:00:00.0000000"
90,141,"51E-10090","VinFast","VF e34",42.00,3,1,"2024-03-03T01:00:00.0000000"
91,142,"30E-10091","VinFast","VF 8",82.00,3,1,"2024-03-04T01:00:00.0000000"
92,143,"43E-10092","VinFast","VF 9",92.00,1,1,"2024-03-05T01:00:00.0000000"
93,144,"61E-10093","Tesla","Model 3",75.00,1,1,"2024-03-06T01:00:00.0000000"
94,145,"15E-10094","Hyundai","Ioniq 5",72.60,1,1,"2024-03-07T01:00:00.0000000"
95,146,"60E-10095","Kia","EV6",77.40,1,1,"2024-03-08T01:00:00.0000000"
96,147,"65E-10096","BYD","Atto 3",60.50,1,1,"2024-03-09T01:00:00.0000000"
97,148,"72E-10097","MG","MG4 Electric",64.00,1,1,"2024-03-10T01:00:00.0000000"
98,149,"79E-10098","Porsche","Taycan",93.40,1,1,"2024-03-11T01:00:00.0000000"
99,150,"29E-10099","Volvo","XC40 Recharge",78.00,3,1,"2024-03-12T01:00:00.0000000"
100,151,"51E-10100","VinFast","VF e34",42.00,3,1,"2024-03-13T01:00:00.0000000"
101,152,"30E-10101","VinFast","VF 8",82.00,1,1,"2024-03-14T01:00:00.0000000"
102,153,"43E-10102","VinFast","VF 9",92.00,1,1,"2024-03-15T01:00:00.0000000"
103,154,"61E-10103","Tesla","Model 3",75.00,1,1,"2024-03-16T01:00:00.0000000"
104,155,"15E-10104","Hyundai","Ioniq 5",72.60,1,1,"2024-03-17T01:00:00.0000000"
105,156,"60E-10105","Kia","EV6",77.40,1,1,"2024-03-18T01:00:00.0000000"
106,157,"65E-10106","BYD","Atto 3",60.50,1,1,"2024-03-19T01:00:00.0000000"
107,158,"72E-10107","MG","MG4 Electric",64.00,1,1,"2024-03-20T01:00:00.0000000"
108,159,"79E-10108","Porsche","Taycan",93.40,3,1,"2024-03-21T01:00:00.0000000"
109,160,"29E-10109","Volvo","XC40 Recharge",78.00,3,1,"2024-03-22T01:00:00.0000000"
110,161,"51E-10110","VinFast","VF e34",42.00,1,1,"2024-03-23T01:00:00.0000000"
111,162,"30E-10111","VinFast","VF 8",82.00,1,1,"2024-03-24T01:00:00.0000000"
112,163,"43E-10112","VinFast","VF 9",92.00,1,1,"2024-03-25T01:00:00.0000000"
113,164,"61E-10113","Tesla","Model 3",75.00,1,1,"2024-03-26T01:00:00.0000000"
114,165,"15E-10114","Hyundai","Ioniq 5",72.60,1,1,"2024-03-27T01:00:00.0000000"
115,166,"60E-10115","Kia","EV6",77.40,1,1,"2024-03-28T01:00:00.0000000"
116,167,"65E-10116","BYD","Atto 3",60.50,1,1,"2024-03-29T01:00:00.0000000"
117,168,"72E-10117","MG","MG4 Electric",64.00,3,1,"2024-03-30T01:00:00.0000000"
118,169,"79E-10118","Porsche","Taycan",93.40,3,1,"2024-03-31T01:00:00.0000000"
119,170,"29E-10119","Volvo","XC40 Recharge",78.00,1,1,"2024-04-01T01:00:00.0000000"
120,171,"51E-10120","VinFast","VF e34",42.00,1,1,"2024-04-02T01:00:00.0000000"
121,172,"30E-10121","VinFast","VF 8",82.00,1,1,"2024-04-03T01:00:00.0000000"
122,173,"43E-10122","VinFast","VF 9",92.00,1,1,"2024-04-04T01:00:00.0000000"
123,174,"61E-10123","Tesla","Model 3",75.00,1,1,"2024-04-05T01:00:00.0000000"
124,175,"15E-10124","Hyundai","Ioniq 5",72.60,1,1,"2024-04-06T01:00:00.0000000"
125,176,"60E-10125","Kia","EV6",77.40,1,1,"2024-04-07T01:00:00.0000000"
126,177,"65E-10126","BYD","Atto 3",60.50,3,1,"2024-04-08T01:00:00.0000000"
127,178,"72E-10127","MG","MG4 Electric",64.00,3,1,"2024-04-09T01:00:00.0000000"
128,179,"79E-10128","Porsche","Taycan",93.40,1,1,"2024-04-10T01:00:00.0000000"
129,180,"29E-10129","Volvo","XC40 Recharge",78.00,1,1,"2024-04-11T01:00:00.0000000"
130,181,"51E-10130","VinFast","VF e34",42.00,1,1,"2024-04-12T01:00:00.0000000"
131,182,"30E-10131","VinFast","VF 8",82.00,1,1,"2024-04-13T01:00:00.0000000"
132,183,"43E-10132","VinFast","VF 9",92.00,1,1,"2024-04-14T01:00:00.0000000"
133,184,"61E-10133","Tesla","Model 3",75.00,1,1,"2024-04-15T01:00:00.0000000"
134,185,"15E-10134","Hyundai","Ioniq 5",72.60,1,1,"2024-04-16T01:00:00.0000000"
135,186,"60E-10135","Kia","EV6",77.40,3,1,"2024-04-17T01:00:00.0000000"
136,187,"65E-10136","BYD","Atto 3",60.50,3,1,"2024-04-18T01:00:00.0000000"
137,188,"72E-10137","MG","MG4 Electric",64.00,1,1,"2024-04-19T01:00:00.0000000"
138,189,"79E-10138","Porsche","Taycan",93.40,1,1,"2024-04-20T01:00:00.0000000"
139,190,"29E-10139","Volvo","XC40 Recharge",78.00,1,1,"2024-04-21T01:00:00.0000000"
140,191,"51E-10140","VinFast","VF e34",42.00,1,1,"2024-04-22T01:00:00.0000000"
141,192,"30E-10141","VinFast","VF 8",82.00,1,1,"2024-04-23T01:00:00.0000000"
142,193,"43E-10142","VinFast","VF 9",92.00,1,1,"2024-04-24T01:00:00.0000000"
143,194,"61E-10143","Tesla","Model 3",75.00,1,1,"2024-04-25T01:00:00.0000000"
144,195,"15E-10144","Hyundai","Ioniq 5",72.60,3,1,"2024-04-26T01:00:00.0000000"
145,196,"60E-10145","Kia","EV6",77.40,3,1,"2024-04-27T01:00:00.0000000"
146,197,"65E-10146","BYD","Atto 3",60.50,1,1,"2024-04-28T01:00:00.0000000"
147,198,"72E-10147","MG","MG4 Electric",64.00,1,1,"2024-04-29T01:00:00.0000000"
148,199,"79E-10148","Porsche","Taycan",93.40,1,1,"2024-04-30T01:00:00.0000000"
149,200,"29E-10149","Volvo","XC40 Recharge",78.00,1,1,"2024-05-01T01:00:00.0000000"
150,201,"51E-10150","VinFast","VF e34",42.00,1,1,"2024-05-02T01:00:00.0000000"
151,202,"30E-10151","VinFast","VF 8",82.00,1,1,"2024-05-03T01:00:00.0000000"
152,203,"43E-10152","VinFast","VF 9",92.00,1,1,"2024-05-04T01:00:00.0000000"
153,204,"61E-10153","Tesla","Model 3",75.00,3,1,"2024-05-05T01:00:00.0000000"
154,205,"15E-10154","Hyundai","Ioniq 5",72.60,3,1,"2024-05-06T01:00:00.0000000"
155,206,"60E-10155","Kia","EV6",77.40,1,1,"2024-05-07T01:00:00.0000000"
156,207,"65E-10156","BYD","Atto 3",60.50,1,1,"2024-05-08T01:00:00.0000000"
157,208,"72E-10157","MG","MG4 Electric",64.00,1,1,"2024-05-09T01:00:00.0000000"
158,209,"79E-10158","Porsche","Taycan",93.40,1,1,"2024-05-10T01:00:00.0000000"
159,210,"29E-10159","Volvo","XC40 Recharge",78.00,1,1,"2024-05-11T01:00:00.0000000"
160,211,"51E-10160","VinFast","VF e34",42.00,1,1,"2024-05-12T01:00:00.0000000"
161,212,"30E-10161","VinFast","VF 8",82.00,1,1,"2024-05-13T01:00:00.0000000"
162,213,"43E-10162","VinFast","VF 9",92.00,3,1,"2024-05-14T01:00:00.0000000"
163,214,"61E-10163","Tesla","Model 3",75.00,3,1,"2024-05-15T01:00:00.0000000"
164,215,"15E-10164","Hyundai","Ioniq 5",72.60,1,1,"2024-05-16T01:00:00.0000000"
165,216,"60E-10165","Kia","EV6",77.40,1,1,"2024-05-17T01:00:00.0000000"
166,217,"65E-10166","BYD","Atto 3",60.50,1,1,"2024-05-18T01:00:00.0000000"
167,218,"72E-10167","MG","MG4 Electric",64.00,1,1,"2024-05-19T01:00:00.0000000"
168,219,"79E-10168","Porsche","Taycan",93.40,1,1,"2024-05-20T01:00:00.0000000"
169,220,"29E-10169","Volvo","XC40 Recharge",78.00,1,1,"2024-05-21T01:00:00.0000000"
170,221,"51E-10170","VinFast","VF e34",42.00,1,1,"2024-05-22T01:00:00.0000000"
171,222,"30E-10171","VinFast","VF 8",82.00,3,1,"2024-05-23T01:00:00.0000000"
172,223,"43E-10172","VinFast","VF 9",92.00,3,1,"2024-05-24T01:00:00.0000000"
173,224,"61E-10173","Tesla","Model 3",75.00,1,1,"2024-05-25T01:00:00.0000000"
174,225,"15E-10174","Hyundai","Ioniq 5",72.60,1,1,"2024-05-26T01:00:00.0000000"
175,226,"60E-10175","Kia","EV6",77.40,1,1,"2024-05-27T01:00:00.0000000"
176,227,"65E-10176","BYD","Atto 3",60.50,1,1,"2024-05-28T01:00:00.0000000"
177,228,"72E-10177","MG","MG4 Electric",64.00,1,1,"2024-05-29T01:00:00.0000000"
178,229,"79E-10178","Porsche","Taycan",93.40,1,1,"2024-05-30T01:00:00.0000000"
179,230,"29E-10179","Volvo","XC40 Recharge",78.00,1,1,"2024-05-31T01:00:00.0000000"
180,231,"51E-10180","VinFast","VF e34",42.00,3,1,"2023-12-04T01:00:00.0000000"
181,232,"30E-10181","VinFast","VF 8",82.00,3,1,"2023-12-05T01:00:00.0000000"
182,233,"43E-10182","VinFast","VF 9",92.00,1,1,"2023-12-06T01:00:00.0000000"
183,234,"61E-10183","Tesla","Model 3",75.00,1,1,"2023-12-07T01:00:00.0000000"
184,235,"15E-10184","Hyundai","Ioniq 5",72.60,1,1,"2023-12-08T01:00:00.0000000"
185,236,"60E-10185","Kia","EV6",77.40,1,1,"2023-12-09T01:00:00.0000000"
186,237,"65E-10186","BYD","Atto 3",60.50,1,1,"2023-12-10T01:00:00.0000000"
187,238,"72E-10187","MG","MG4 Electric",64.00,1,1,"2023-12-11T01:00:00.0000000"
188,239,"79E-10188","Porsche","Taycan",93.40,1,1,"2023-12-12T01:00:00.0000000"
189,240,"29E-10189","Volvo","XC40 Recharge",78.00,3,1,"2023-12-13T01:00:00.0000000"
190,241,"51E-10190","VinFast","VF e34",42.00,3,1,"2023-12-14T01:00:00.0000000"
191,242,"30E-10191","VinFast","VF 8",82.00,1,1,"2023-12-15T01:00:00.0000000"
192,243,"43E-10192","VinFast","VF 9",92.00,1,1,"2023-12-16T01:00:00.0000000"
193,244,"61E-10193","Tesla","Model 3",75.00,1,1,"2023-12-17T01:00:00.0000000"
194,245,"15E-10194","Hyundai","Ioniq 5",72.60,1,1,"2023-12-18T01:00:00.0000000"
195,246,"60E-10195","Kia","EV6",77.40,1,1,"2023-12-19T01:00:00.0000000"
196,247,"65E-10196","BYD","Atto 3",60.50,1,1,"2023-12-20T01:00:00.0000000"
197,248,"72E-10197","MG","MG4 Electric",64.00,1,1,"2023-12-21T01:00:00.0000000"
198,249,"79E-10198","Porsche","Taycan",93.40,3,1,"2023-12-22T01:00:00.0000000"
199,250,"29E-10199","Volvo","XC40 Recharge",78.00,3,1,"2023-12-23T01:00:00.0000000"
200,251,"51E-10200","VinFast","VF e34",42.00,1,1,"2023-12-24T01:00:00.0000000"
201,252,"30E-10201","VinFast","VF 8",82.00,1,1,"2023-12-25T01:00:00.0000000"
202,253,"43E-10202","VinFast","VF 9",92.00,1,1,"2023-12-26T01:00:00.0000000"
203,254,"61E-10203","Tesla","Model 3",75.00,1,1,"2023-12-27T01:00:00.0000000"
204,255,"15E-10204","Hyundai","Ioniq 5",72.60,1,1,"2023-12-28T01:00:00.0000000"
205,256,"60E-10205","Kia","EV6",77.40,1,1,"2023-12-29T01:00:00.0000000"
206,257,"65E-10206","BYD","Atto 3",60.50,1,1,"2023-12-30T01:00:00.0000000"
207,258,"72E-10207","MG","MG4 Electric",64.00,3,1,"2023-12-31T01:00:00.0000000"
208,259,"79E-10208","Porsche","Taycan",93.40,3,1,"2024-01-01T01:00:00.0000000"
209,260,"29E-10209","Volvo","XC40 Recharge",78.00,1,1,"2024-01-02T01:00:00.0000000"
210,261,"51E-10210","VinFast","VF e34",42.00,1,1,"2024-01-03T01:00:00.0000000"
211,262,"30E-10211","VinFast","VF 8",82.00,1,1,"2024-01-04T01:00:00.0000000"
212,263,"43E-10212","VinFast","VF 9",92.00,1,1,"2024-01-05T01:00:00.0000000"
213,264,"61E-10213","Tesla","Model 3",75.00,1,1,"2024-01-06T01:00:00.0000000"
214,265,"15E-10214","Hyundai","Ioniq 5",72.60,1,1,"2024-01-07T01:00:00.0000000"
215,266,"60E-10215","Kia","EV6",77.40,1,1,"2024-01-08T01:00:00.0000000"
216,267,"65E-10216","BYD","Atto 3",60.50,3,1,"2024-01-09T01:00:00.0000000"
217,268,"72E-10217","MG","MG4 Electric",64.00,3,1,"2024-01-10T01:00:00.0000000"
218,269,"79E-10218","Porsche","Taycan",93.40,1,1,"2024-01-11T01:00:00.0000000"
219,270,"29E-10219","Volvo","XC40 Recharge",78.00,1,1,"2024-01-12T01:00:00.0000000"
220,271,"51E-10220","VinFast","VF e34",42.00,1,1,"2024-01-13T01:00:00.0000000"
221,272,"30E-10221","VinFast","VF 8",82.00,1,1,"2024-01-14T01:00:00.0000000"
222,273,"43E-10222","VinFast","VF 9",92.00,1,1,"2024-01-15T01:00:00.0000000"
223,274,"61E-10223","Tesla","Model 3",75.00,1,1,"2024-01-16T01:00:00.0000000"
224,275,"15E-10224","Hyundai","Ioniq 5",72.60,1,1,"2024-01-17T01:00:00.0000000"
225,276,"60E-10225","Kia","EV6",77.40,3,1,"2024-01-18T01:00:00.0000000"
226,277,"65E-10226","BYD","Atto 3",60.50,3,1,"2024-01-19T01:00:00.0000000"
227,278,"72E-10227","MG","MG4 Electric",64.00,1,1,"2024-01-20T01:00:00.0000000"
228,279,"79E-10228","Porsche","Taycan",93.40,1,1,"2024-01-21T01:00:00.0000000"
229,280,"29E-10229","Volvo","XC40 Recharge",78.00,1,1,"2024-01-22T01:00:00.0000000"
230,281,"51E-10230","VinFast","VF e34",42.00,1,1,"2024-01-23T01:00:00.0000000"
231,282,"30E-10231","VinFast","VF 8",82.00,1,1,"2024-01-24T01:00:00.0000000"
232,283,"43E-10232","VinFast","VF 9",92.00,1,1,"2024-01-25T01:00:00.0000000"
233,284,"61E-10233","Tesla","Model 3",75.00,1,1,"2024-01-26T01:00:00.0000000"
234,285,"15E-10234","Hyundai","Ioniq 5",72.60,3,1,"2024-01-27T01:00:00.0000000"
235,286,"60E-10235","Kia","EV6",77.40,3,1,"2024-01-28T01:00:00.0000000"
236,287,"65E-10236","BYD","Atto 3",60.50,1,1,"2024-01-29T01:00:00.0000000"
237,288,"72E-10237","MG","MG4 Electric",64.00,1,1,"2024-01-30T01:00:00.0000000"
238,289,"79E-10238","Porsche","Taycan",93.40,1,1,"2024-01-31T01:00:00.0000000"
239,290,"29E-10239","Volvo","XC40 Recharge",78.00,1,1,"2024-02-01T01:00:00.0000000"
240,291,"51E-10240","VinFast","VF e34",42.00,1,1,"2024-02-02T01:00:00.0000000"
241,292,"30E-10241","VinFast","VF 8",82.00,1,1,"2024-02-03T01:00:00.0000000"
242,293,"43E-10242","VinFast","VF 9",92.00,1,1,"2024-02-04T01:00:00.0000000"
243,294,"61E-10243","Tesla","Model 3",75.00,3,1,"2024-02-05T01:00:00.0000000"
244,295,"15E-10244","Hyundai","Ioniq 5",72.60,3,1,"2024-02-06T01:00:00.0000000"
245,296,"60E-10245","Kia","EV6",77.40,1,1,"2024-02-07T01:00:00.0000000"
246,297,"65E-10246","BYD","Atto 3",60.50,1,1,"2024-02-08T01:00:00.0000000"
247,298,"72E-10247","MG","MG4 Electric",64.00,1,1,"2024-02-09T01:00:00.0000000"
248,299,"79E-10248","Porsche","Taycan",93.40,1,1,"2024-02-10T01:00:00.0000000"
249,300,"29E-10249","Volvo","XC40 Recharge",78.00,1,1,"2024-02-11T01:00:00.0000000"
250,301,"51E-10250","VinFast","VF e34",42.00,1,1,"2024-02-12T01:00:00.0000000"
251,302,"30E-10251","VinFast","VF 8",82.00,1,1,"2024-02-13T01:00:00.0000000"
252,303,"43E-10252","VinFast","VF 9",92.00,3,1,"2024-02-14T01:00:00.0000000"
253,304,"61E-10253","Tesla","Model 3",75.00,3,1,"2024-02-15T01:00:00.0000000"
254,305,"15E-10254","Hyundai","Ioniq 5",72.60,1,1,"2024-02-16T01:00:00.0000000"
255,306,"60E-10255","Kia","EV6",77.40,1,1,"2024-02-17T01:00:00.0000000"
256,307,"65E-10256","BYD","Atto 3",60.50,1,1,"2024-02-18T01:00:00.0000000"
257,308,"72E-10257","MG","MG4 Electric",64.00,1,1,"2024-02-19T01:00:00.0000000"
258,309,"79E-10258","Porsche","Taycan",93.40,1,1,"2024-02-20T01:00:00.0000000"
259,310,"29E-10259","Volvo","XC40 Recharge",78.00,1,1,"2024-02-21T01:00:00.0000000"
260,311,"51E-10260","VinFast","VF e34",42.00,1,1,"2024-02-22T01:00:00.0000000"
261,312,"30E-10261","VinFast","VF 8",82.00,3,1,"2024-02-23T01:00:00.0000000"
262,313,"43E-10262","VinFast","VF 9",92.00,3,1,"2024-02-24T01:00:00.0000000"
263,314,"61E-10263","Tesla","Model 3",75.00,1,1,"2024-02-25T01:00:00.0000000"
264,315,"15E-10264","Hyundai","Ioniq 5",72.60,1,1,"2024-02-26T01:00:00.0000000"
265,316,"60E-10265","Kia","EV6",77.40,1,1,"2024-02-27T01:00:00.0000000"
266,317,"65E-10266","BYD","Atto 3",60.50,1,1,"2024-02-28T01:00:00.0000000"
267,318,"72E-10267","MG","MG4 Electric",64.00,1,1,"2024-02-29T01:00:00.0000000"
268,319,"79E-10268","Porsche","Taycan",93.40,1,1,"2024-03-01T01:00:00.0000000"
269,320,"29E-10269","Volvo","XC40 Recharge",78.00,1,1,"2024-03-02T01:00:00.0000000"
270,321,"51E-10270","VinFast","VF e34",42.00,3,1,"2024-03-03T01:00:00.0000000"
271,322,"30E-10271","VinFast","VF 8",82.00,3,1,"2024-03-04T01:00:00.0000000"
272,323,"43E-10272","VinFast","VF 9",92.00,1,1,"2024-03-05T01:00:00.0000000"
273,324,"61E-10273","Tesla","Model 3",75.00,1,1,"2024-03-06T01:00:00.0000000"
274,325,"15E-10274","Hyundai","Ioniq 5",72.60,1,1,"2024-03-07T01:00:00.0000000"
275,326,"60E-10275","Kia","EV6",77.40,1,1,"2024-03-08T01:00:00.0000000"
276,327,"65E-10276","BYD","Atto 3",60.50,1,1,"2024-03-09T01:00:00.0000000"
277,328,"72E-10277","MG","MG4 Electric",64.00,1,1,"2024-03-10T01:00:00.0000000"
278,329,"79E-10278","Porsche","Taycan",93.40,1,1,"2024-03-11T01:00:00.0000000"
279,330,"29E-10279","Volvo","XC40 Recharge",78.00,3,1,"2024-03-12T01:00:00.0000000"
280,331,"51E-10280","VinFast","VF e34",42.00,3,1,"2024-03-13T01:00:00.0000000"
281,332,"30E-10281","VinFast","VF 8",82.00,1,1,"2024-03-14T01:00:00.0000000"
282,333,"43E-10282","VinFast","VF 9",92.00,1,1,"2024-03-15T01:00:00.0000000"
283,334,"61E-10283","Tesla","Model 3",75.00,1,1,"2024-03-16T01:00:00.0000000"
284,335,"15E-10284","Hyundai","Ioniq 5",72.60,1,1,"2024-03-17T01:00:00.0000000"
285,336,"60E-10285","Kia","EV6",77.40,1,1,"2024-03-18T01:00:00.0000000"
286,337,"65E-10286","BYD","Atto 3",60.50,1,1,"2024-03-19T01:00:00.0000000"
287,338,"72E-10287","MG","MG4 Electric",64.00,1,1,"2024-03-20T01:00:00.0000000"
288,339,"79E-10288","Porsche","Taycan",93.40,3,1,"2024-03-21T01:00:00.0000000"
289,340,"29E-10289","Volvo","XC40 Recharge",78.00,3,1,"2024-03-22T01:00:00.0000000"
290,341,"51E-10290","VinFast","VF e34",42.00,1,1,"2024-03-23T01:00:00.0000000"
291,342,"30E-10291","VinFast","VF 8",82.00,1,1,"2024-03-24T01:00:00.0000000"
292,343,"43E-10292","VinFast","VF 9",92.00,1,1,"2024-03-25T01:00:00.0000000"
293,344,"61E-10293","Tesla","Model 3",75.00,1,1,"2024-03-26T01:00:00.0000000"
294,345,"15E-10294","Hyundai","Ioniq 5",72.60,1,1,"2024-03-27T01:00:00.0000000"
295,346,"60E-10295","Kia","EV6",77.40,1,1,"2024-03-28T01:00:00.0000000"
296,347,"65E-10296","BYD","Atto 3",60.50,1,1,"2024-03-29T01:00:00.0000000"
297,348,"72E-10297","MG","MG4 Electric",64.00,3,1,"2024-03-30T01:00:00.0000000"
298,349,"79E-10298","Porsche","Taycan",93.40,3,1,"2024-03-31T01:00:00.0000000"
299,350,"29E-10299","Volvo","XC40 Recharge",78.00,1,1,"2024-04-01T01:00:00.0000000"
300,351,"51E-10300","VinFast","VF e34",42.00,1,1,"2024-04-02T01:00:00.0000000"
301,352,"30E-10301","VinFast","VF 8",82.00,1,1,"2024-04-03T01:00:00.0000000"
302,353,"43E-10302","VinFast","VF 9",92.00,1,1,"2024-04-04T01:00:00.0000000"
303,354,"61E-10303","Tesla","Model 3",75.00,1,1,"2024-04-05T01:00:00.0000000"
304,355,"15E-10304","Hyundai","Ioniq 5",72.60,1,1,"2024-04-06T01:00:00.0000000"
305,356,"60E-10305","Kia","EV6",77.40,1,1,"2024-04-07T01:00:00.0000000"
306,357,"65E-10306","BYD","Atto 3",60.50,3,1,"2024-04-08T01:00:00.0000000"
307,358,"72E-10307","MG","MG4 Electric",64.00,3,1,"2024-04-09T01:00:00.0000000"
308,359,"79E-10308","Porsche","Taycan",93.40,1,1,"2024-04-10T01:00:00.0000000"
309,360,"29E-10309","Volvo","XC40 Recharge",78.00,1,1,"2024-04-11T01:00:00.0000000"
310,361,"51E-10310","VinFast","VF e34",42.00,1,1,"2024-04-12T01:00:00.0000000"
311,362,"30E-10311","VinFast","VF 8",82.00,1,1,"2024-04-13T01:00:00.0000000"
312,363,"43E-10312","VinFast","VF 9",92.00,1,1,"2024-04-14T01:00:00.0000000"
313,364,"61E-10313","Tesla","Model 3",75.00,1,1,"2024-04-15T01:00:00.0000000"
314,365,"15E-10314","Hyundai","Ioniq 5",72.60,1,1,"2024-04-16T01:00:00.0000000"
315,366,"60E-10315","Kia","EV6",77.40,3,1,"2024-04-17T01:00:00.0000000"
316,367,"65E-10316","BYD","Atto 3",60.50,3,1,"2024-04-18T01:00:00.0000000"
317,368,"72E-10317","MG","MG4 Electric",64.00,1,1,"2024-04-19T01:00:00.0000000"
318,369,"79E-10318","Porsche","Taycan",93.40,1,1,"2024-04-20T01:00:00.0000000"
319,370,"29E-10319","Volvo","XC40 Recharge",78.00,1,1,"2024-04-21T01:00:00.0000000"
320,371,"51E-10320","VinFast","VF e34",42.00,1,1,"2024-04-22T01:00:00.0000000"
321,372,"30E-10321","VinFast","VF 8",82.00,1,1,"2024-04-23T01:00:00.0000000"
322,373,"43E-10322","VinFast","VF 9",92.00,1,1,"2024-04-24T01:00:00.0000000"
323,374,"61E-10323","Tesla","Model 3",75.00,1,1,"2024-04-25T01:00:00.0000000"
324,375,"15E-10324","Hyundai","Ioniq 5",72.60,3,1,"2024-04-26T01:00:00.0000000"
325,376,"60E-10325","Kia","EV6",77.40,3,1,"2024-04-27T01:00:00.0000000"
326,377,"65E-10326","BYD","Atto 3",60.50,1,1,"2024-04-28T01:00:00.0000000"
327,378,"72E-10327","MG","MG4 Electric",64.00,1,1,"2024-04-29T01:00:00.0000000"
328,379,"79E-10328","Porsche","Taycan",93.40,1,1,"2024-04-30T01:00:00.0000000"
329,380,"29E-10329","Volvo","XC40 Recharge",78.00,1,1,"2024-05-01T01:00:00.0000000"
330,381,"51E-10330","VinFast","VF e34",42.00,1,1,"2024-05-02T01:00:00.0000000"
331,382,"30E-10331","VinFast","VF 8",82.00,1,1,"2024-05-03T01:00:00.0000000"
332,383,"43E-10332","VinFast","VF 9",92.00,1,1,"2024-05-04T01:00:00.0000000"
333,384,"61E-10333","Tesla","Model 3",75.00,3,1,"2024-05-05T01:00:00.0000000"
334,385,"15E-10334","Hyundai","Ioniq 5",72.60,3,1,"2024-05-06T01:00:00.0000000"
335,386,"60E-10335","Kia","EV6",77.40,1,1,"2024-05-07T01:00:00.0000000"
336,387,"65E-10336","BYD","Atto 3",60.50,1,1,"2024-05-08T01:00:00.0000000"
337,388,"72E-10337","MG","MG4 Electric",64.00,1,1,"2024-05-09T01:00:00.0000000"
338,389,"79E-10338","Porsche","Taycan",93.40,1,1,"2024-05-10T01:00:00.0000000"
339,390,"29E-10339","Volvo","XC40 Recharge",78.00,1,1,"2024-05-11T01:00:00.0000000"
340,391,"51E-10340","VinFast","VF e34",42.00,1,1,"2024-05-12T01:00:00.0000000"
341,392,"30E-10341","VinFast","VF 8",82.00,1,1,"2024-05-13T01:00:00.0000000"
342,393,"43E-10342","VinFast","VF 9",92.00,3,1,"2024-05-14T01:00:00.0000000"
343,394,"61E-10343","Tesla","Model 3",75.00,3,1,"2024-05-15T01:00:00.0000000"
344,395,"15E-10344","Hyundai","Ioniq 5",72.60,1,1,"2024-05-16T01:00:00.0000000"
345,396,"60E-10345","Kia","EV6",77.40,1,1,"2024-05-17T01:00:00.0000000"
346,397,"65E-10346","BYD","Atto 3",60.50,1,1,"2024-05-18T01:00:00.0000000"
347,398,"72E-10347","MG","MG4 Electric",64.00,1,1,"2024-05-19T01:00:00.0000000"
348,399,"79E-10348","Porsche","Taycan",93.40,1,1,"2024-05-20T01:00:00.0000000"
349,400,"29E-10349","Volvo","XC40 Recharge",78.00,1,1,"2024-05-21T01:00:00.0000000"
350,401,"51E-10350","VinFast","VF e34",42.00,1,1,"2024-05-22T01:00:00.0000000"
351,402,"30E-10351","VinFast","VF 8",82.00,3,1,"2024-05-23T01:00:00.0000000"
352,403,"43E-10352","VinFast","VF 9",92.00,3,1,"2024-05-24T01:00:00.0000000"
353,404,"61E-10353","Tesla","Model 3",75.00,1,1,"2024-05-25T01:00:00.0000000"
354,405,"15E-10354","Hyundai","Ioniq 5",72.60,1,1,"2024-05-26T01:00:00.0000000"
355,406,"60E-10355","Kia","EV6",77.40,1,1,"2024-05-27T01:00:00.0000000"
356,407,"65E-10356","BYD","Atto 3",60.50,1,1,"2024-05-28T01:00:00.0000000"
357,408,"72E-10357","MG","MG4 Electric",64.00,1,1,"2024-05-29T01:00:00.0000000"
358,409,"79E-10358","Porsche","Taycan",93.40,1,1,"2024-05-30T01:00:00.0000000"
359,410,"29E-10359","Volvo","XC40 Recharge",78.00,1,1,"2024-05-31T01:00:00.0000000"
360,411,"51E-10360","VinFast","VF e34",42.00,3,1,"2023-12-04T01:00:00.0000000"
361,412,"30E-10361","VinFast","VF 8",82.00,3,1,"2023-12-05T01:00:00.0000000"
362,413,"43E-10362","VinFast","VF 9",92.00,1,1,"2023-12-06T01:00:00.0000000"
363,414,"61E-10363","Tesla","Model 3",75.00,1,1,"2023-12-07T01:00:00.0000000"
364,415,"15E-10364","Hyundai","Ioniq 5",72.60,1,1,"2023-12-08T01:00:00.0000000"
365,416,"60E-10365","Kia","EV6",77.40,1,1,"2023-12-09T01:00:00.0000000"
366,417,"65E-10366","BYD","Atto 3",60.50,1,1,"2023-12-10T01:00:00.0000000"
367,418,"72E-10367","MG","MG4 Electric",64.00,1,1,"2023-12-11T01:00:00.0000000"
368,419,"79E-10368","Porsche","Taycan",93.40,1,1,"2023-12-12T01:00:00.0000000"
369,420,"29E-10369","Volvo","XC40 Recharge",78.00,3,1,"2023-12-13T01:00:00.0000000"
370,421,"51E-10370","VinFast","VF e34",42.00,3,1,"2023-12-14T01:00:00.0000000"
371,422,"30E-10371","VinFast","VF 8",82.00,1,1,"2023-12-15T01:00:00.0000000"
372,423,"43E-10372","VinFast","VF 9",92.00,1,1,"2023-12-16T01:00:00.0000000"
373,424,"61E-10373","Tesla","Model 3",75.00,1,1,"2023-12-17T01:00:00.0000000"
374,425,"15E-10374","Hyundai","Ioniq 5",72.60,1,1,"2023-12-18T01:00:00.0000000"
375,426,"60E-10375","Kia","EV6",77.40,1,1,"2023-12-19T01:00:00.0000000"
376,427,"65E-10376","BYD","Atto 3",60.50,1,1,"2023-12-20T01:00:00.0000000"
377,428,"72E-10377","MG","MG4 Electric",64.00,1,1,"2023-12-21T01:00:00.0000000"
378,429,"79E-10378","Porsche","Taycan",93.40,3,1,"2023-12-22T01:00:00.0000000"
379,430,"29E-10379","Volvo","XC40 Recharge",78.00,3,1,"2023-12-23T01:00:00.0000000"
380,431,"51E-10380","VinFast","VF e34",42.00,1,1,"2023-12-24T01:00:00.0000000"
381,432,"30E-10381","VinFast","VF 8",82.00,1,1,"2023-12-25T01:00:00.0000000"
382,433,"43E-10382","VinFast","VF 9",92.00,1,1,"2023-12-26T01:00:00.0000000"
383,434,"61E-10383","Tesla","Model 3",75.00,1,1,"2023-12-27T01:00:00.0000000"
384,435,"15E-10384","Hyundai","Ioniq 5",72.60,1,1,"2023-12-28T01:00:00.0000000"
385,436,"60E-10385","Kia","EV6",77.40,1,1,"2023-12-29T01:00:00.0000000"
386,437,"65E-10386","BYD","Atto 3",60.50,1,1,"2023-12-30T01:00:00.0000000"
387,438,"72E-10387","MG","MG4 Electric",64.00,3,1,"2023-12-31T01:00:00.0000000"
388,439,"79E-10388","Porsche","Taycan",93.40,3,1,"2024-01-01T01:00:00.0000000"
389,440,"29E-10389","Volvo","XC40 Recharge",78.00,1,1,"2024-01-02T01:00:00.0000000"
390,441,"51E-10390","VinFast","VF e34",42.00,1,1,"2024-01-03T01:00:00.0000000"
391,442,"30E-10391","VinFast","VF 8",82.00,1,1,"2024-01-04T01:00:00.0000000"
392,443,"43E-10392","VinFast","VF 9",92.00,1,1,"2024-01-05T01:00:00.0000000"
393,444,"61E-10393","Tesla","Model 3",75.00,1,1,"2024-01-06T01:00:00.0000000"
394,445,"15E-10394","Hyundai","Ioniq 5",72.60,1,1,"2024-01-07T01:00:00.0000000"
395,446,"60E-10395","Kia","EV6",77.40,1,1,"2024-01-08T01:00:00.0000000"
396,447,"65E-10396","BYD","Atto 3",60.50,3,1,"2024-01-09T01:00:00.0000000"
397,448,"72E-10397","MG","MG4 Electric",64.00,3,1,"2024-01-10T01:00:00.0000000"
398,449,"79E-10398","Porsche","Taycan",93.40,1,1,"2024-01-11T01:00:00.0000000"
399,450,"29E-10399","Volvo","XC40 Recharge",78.00,1,1,"2024-01-12T01:00:00.0000000"
400,451,"51E-10400","VinFast","VF e34",42.00,1,1,"2024-01-13T01:00:00.0000000"
401,452,"30E-10401","VinFast","VF 8",82.00,1,1,"2024-01-14T01:00:00.0000000"
402,453,"43E-10402","VinFast","VF 9",92.00,1,1,"2024-01-15T01:00:00.0000000"
403,454,"61E-10403","Tesla","Model 3",75.00,1,1,"2024-01-16T01:00:00.0000000"
404,455,"15E-10404","Hyundai","Ioniq 5",72.60,1,1,"2024-01-17T01:00:00.0000000"
405,456,"60E-10405","Kia","EV6",77.40,3,1,"2024-01-18T01:00:00.0000000"
406,457,"65E-10406","BYD","Atto 3",60.50,3,1,"2024-01-19T01:00:00.0000000"
407,458,"72E-10407","MG","MG4 Electric",64.00,1,1,"2024-01-20T01:00:00.0000000"
408,459,"79E-10408","Porsche","Taycan",93.40,1,1,"2024-01-21T01:00:00.0000000"
409,460,"29E-10409","Volvo","XC40 Recharge",78.00,1,1,"2024-01-22T01:00:00.0000000"
410,461,"51E-10410","VinFast","VF e34",42.00,1,1,"2024-01-23T01:00:00.0000000"
411,462,"30E-10411","VinFast","VF 8",82.00,1,1,"2024-01-24T01:00:00.0000000"
412,463,"43E-10412","VinFast","VF 9",92.00,1,1,"2024-01-25T01:00:00.0000000"
413,464,"61E-10413","Tesla","Model 3",75.00,1,1,"2024-01-26T01:00:00.0000000"
414,465,"15E-10414","Hyundai","Ioniq 5",72.60,3,1,"2024-01-27T01:00:00.0000000"
415,466,"60E-10415","Kia","EV6",77.40,3,1,"2024-01-28T01:00:00.0000000"
416,467,"65E-10416","BYD","Atto 3",60.50,1,1,"2024-01-29T01:00:00.0000000"
417,468,"72E-10417","MG","MG4 Electric",64.00,1,1,"2024-01-30T01:00:00.0000000"
418,469,"79E-10418","Porsche","Taycan",93.40,1,1,"2024-01-31T01:00:00.0000000"
419,470,"29E-10419","Volvo","XC40 Recharge",78.00,1,1,"2024-02-01T01:00:00.0000000"
420,471,"51E-10420","VinFast","VF e34",42.00,1,1,"2024-02-02T01:00:00.0000000"
421,472,"30E-10421","VinFast","VF 8",82.00,1,1,"2024-02-03T01:00:00.0000000"
422,473,"43E-10422","VinFast","VF 9",92.00,1,1,"2024-02-04T01:00:00.0000000"
423,474,"61E-10423","Tesla","Model 3",75.00,3,1,"2024-02-05T01:00:00.0000000"
424,475,"15E-10424","Hyundai","Ioniq 5",72.60,3,1,"2024-02-06T01:00:00.0000000"
425,476,"60E-10425","Kia","EV6",77.40,1,1,"2024-02-07T01:00:00.0000000"
426,477,"65E-10426","BYD","Atto 3",60.50,1,1,"2024-02-08T01:00:00.0000000"
427,478,"72E-10427","MG","MG4 Electric",64.00,1,1,"2024-02-09T01:00:00.0000000"
428,479,"79E-10428","Porsche","Taycan",93.40,1,1,"2024-02-10T01:00:00.0000000"
429,480,"29E-10429","Volvo","XC40 Recharge",78.00,1,1,"2024-02-11T01:00:00.0000000"
430,481,"51E-10430","VinFast","VF e34",42.00,1,1,"2024-02-12T01:00:00.0000000"
431,482,"30E-10431","VinFast","VF 8",82.00,1,1,"2024-02-13T01:00:00.0000000"
432,483,"43E-10432","VinFast","VF 9",92.00,3,1,"2024-02-14T01:00:00.0000000"
433,484,"61E-10433","Tesla","Model 3",75.00,3,1,"2024-02-15T01:00:00.0000000"
434,485,"15E-10434","Hyundai","Ioniq 5",72.60,1,1,"2024-02-16T01:00:00.0000000"
435,486,"60E-10435","Kia","EV6",77.40,1,1,"2024-02-17T01:00:00.0000000"
436,487,"65E-10436","BYD","Atto 3",60.50,1,1,"2024-02-18T01:00:00.0000000"
437,488,"72E-10437","MG","MG4 Electric",64.00,1,1,"2024-02-19T01:00:00.0000000"
438,489,"79E-10438","Porsche","Taycan",93.40,1,1,"2024-02-20T01:00:00.0000000"
439,490,"29E-10439","Volvo","XC40 Recharge",78.00,1,1,"2024-02-21T01:00:00.0000000"
440,491,"51E-10440","VinFast","VF e34",42.00,1,1,"2024-02-22T01:00:00.0000000"
441,492,"30E-10441","VinFast","VF 8",82.00,3,1,"2024-02-23T01:00:00.0000000"
442,493,"43E-10442","VinFast","VF 9",92.00,3,1,"2024-02-24T01:00:00.0000000"
443,494,"61E-10443","Tesla","Model 3",75.00,1,1,"2024-02-25T01:00:00.0000000"
444,495,"15E-10444","Hyundai","Ioniq 5",72.60,1,1,"2024-02-26T01:00:00.0000000"
445,496,"60E-10445","Kia","EV6",77.40,1,1,"2024-02-27T01:00:00.0000000"
446,497,"65E-10446","BYD","Atto 3",60.50,1,1,"2024-02-28T01:00:00.0000000"
447,498,"72E-10447","MG","MG4 Electric",64.00,1,1,"2024-02-29T01:00:00.0000000"
448,499,"79E-10448","Porsche","Taycan",93.40,1,1,"2024-03-01T01:00:00.0000000"
449,500,"29E-10449","Volvo","XC40 Recharge",78.00,1,1,"2024-03-02T01:00:00.0000000"
450,501,"51E-10450","VinFast","VF e34",42.00,3,1,"2024-03-03T01:00:00.0000000"
451,502,"30E-10451","VinFast","VF 8",82.00,3,1,"2024-03-04T01:00:00.0000000"
452,503,"43E-10452","VinFast","VF 9",92.00,1,1,"2024-03-05T01:00:00.0000000"
453,504,"61E-10453","Tesla","Model 3",75.00,1,1,"2024-03-06T01:00:00.0000000"
454,505,"15E-10454","Hyundai","Ioniq 5",72.60,1,1,"2024-03-07T01:00:00.0000000"
455,506,"60E-10455","Kia","EV6",77.40,1,1,"2024-03-08T01:00:00.0000000"
456,507,"65E-10456","BYD","Atto 3",60.50,1,1,"2024-03-09T01:00:00.0000000"
457,508,"72E-10457","MG","MG4 Electric",64.00,1,1,"2024-03-10T01:00:00.0000000"
458,509,"79E-10458","Porsche","Taycan",93.40,1,1,"2024-03-11T01:00:00.0000000"
459,510,"29E-10459","Volvo","XC40 Recharge",78.00,3,1,"2024-03-12T01:00:00.0000000"
460,511,"51E-10460","VinFast","VF e34",42.00,3,1,"2024-03-13T01:00:00.0000000"
461,512,"30E-10461","VinFast","VF 8",82.00,1,1,"2024-03-14T01:00:00.0000000"
462,513,"43E-10462","VinFast","VF 9",92.00,1,1,"2024-03-15T01:00:00.0000000"
463,514,"61E-10463","Tesla","Model 3",75.00,1,1,"2024-03-16T01:00:00.0000000"
464,515,"15E-10464","Hyundai","Ioniq 5",72.60,1,1,"2024-03-17T01:00:00.0000000"
465,516,"60E-10465","Kia","EV6",77.40,1,1,"2024-03-18T01:00:00.0000000"
466,517,"65E-10466","BYD","Atto 3",60.50,1,1,"2024-03-19T01:00:00.0000000"
467,518,"72E-10467","MG","MG4 Electric",64.00,1,1,"2024-03-20T01:00:00.0000000"
468,519,"79E-10468","Porsche","Taycan",93.40,3,1,"2024-03-21T01:00:00.0000000"
469,520,"29E-10469","Volvo","XC40 Recharge",78.00,3,1,"2024-03-22T01:00:00.0000000"
470,521,"51E-10470","VinFast","VF e34",42.00,1,1,"2024-03-23T01:00:00.0000000"
471,522,"30E-10471","VinFast","VF 8",82.00,1,1,"2024-03-24T01:00:00.0000000"
472,523,"43E-10472","VinFast","VF 9",92.00,1,1,"2024-03-25T01:00:00.0000000"
473,524,"61E-10473","Tesla","Model 3",75.00,1,1,"2024-03-26T01:00:00.0000000"
474,525,"15E-10474","Hyundai","Ioniq 5",72.60,1,1,"2024-03-27T01:00:00.0000000"
475,526,"60E-10475","Kia","EV6",77.40,1,1,"2024-03-28T01:00:00.0000000"
476,527,"65E-10476","BYD","Atto 3",60.50,1,1,"2024-03-29T01:00:00.0000000"
477,528,"72E-10477","MG","MG4 Electric",64.00,3,1,"2024-03-30T01:00:00.0000000"
478,529,"79E-10478","Porsche","Taycan",93.40,3,1,"2024-03-31T01:00:00.0000000"
479,530,"29E-10479","Volvo","XC40 Recharge",78.00,1,1,"2024-04-01T01:00:00.0000000"
480,531,"51E-10480","VinFast","VF e34",42.00,1,1,"2024-04-02T01:00:00.0000000"
481,532,"30E-10481","VinFast","VF 8",82.00,1,1,"2024-04-03T01:00:00.0000000"
482,533,"43E-10482","VinFast","VF 9",92.00,1,1,"2024-04-04T01:00:00.0000000"
483,534,"61E-10483","Tesla","Model 3",75.00,1,1,"2024-04-05T01:00:00.0000000"
484,535,"15E-10484","Hyundai","Ioniq 5",72.60,1,1,"2024-04-06T01:00:00.0000000"
485,536,"60E-10485","Kia","EV6",77.40,1,1,"2024-04-07T01:00:00.0000000"
486,537,"65E-10486","BYD","Atto 3",60.50,3,1,"2024-04-08T01:00:00.0000000"
487,538,"72E-10487","MG","MG4 Electric",64.00,3,1,"2024-04-09T01:00:00.0000000"
488,539,"79E-10488","Porsche","Taycan",93.40,1,1,"2024-04-10T01:00:00.0000000"
489,540,"29E-10489","Volvo","XC40 Recharge",78.00,1,1,"2024-04-11T01:00:00.0000000"
490,541,"51E-10490","VinFast","VF e34",42.00,1,1,"2024-04-12T01:00:00.0000000"
491,542,"30E-10491","VinFast","VF 8",82.00,1,1,"2024-04-13T01:00:00.0000000"
492,543,"43E-10492","VinFast","VF 9",92.00,1,1,"2024-04-14T01:00:00.0000000"
493,544,"61E-10493","Tesla","Model 3",75.00,1,1,"2024-04-15T01:00:00.0000000"
494,545,"15E-10494","Hyundai","Ioniq 5",72.60,1,1,"2024-04-16T01:00:00.0000000"
495,546,"60E-10495","Kia","EV6",77.40,3,1,"2024-04-17T01:00:00.0000000"
496,547,"65E-10496","BYD","Atto 3",60.50,3,1,"2024-04-18T01:00:00.0000000"
497,548,"72E-10497","MG","MG4 Electric",64.00,1,1,"2024-04-19T01:00:00.0000000"
498,549,"79E-10498","Porsche","Taycan",93.40,1,1,"2024-04-20T01:00:00.0000000"
499,550,"29E-10499","Volvo","XC40 Recharge",78.00,1,1,"2024-04-21T01:00:00.0000000"
500,551,"51E-10500","VinFast","VF e34",42.00,1,1,"2024-04-22T01:00:00.0000000"
501,54,"61E-60003","Tesla","Model Y",78.00,1,1,"2024-01-09T00:00:00.0000000"
502,57,"51E-60006","VinFast","VF e34",42.00,1,1,"2024-01-15T00:00:00.0000000"
503,60,"61E-60009","Tesla","Model Y",78.00,1,1,"2024-01-21T00:00:00.0000000"
504,63,"51E-60012","VinFast","VF e34",42.00,1,1,"2024-01-27T00:00:00.0000000"
505,66,"61E-60015","Tesla","Model Y",78.00,1,1,"2024-02-02T00:00:00.0000000"
506,69,"51E-60018","VinFast","VF e34",42.00,1,1,"2024-02-08T00:00:00.0000000"
507,72,"61E-60021","Tesla","Model Y",78.00,1,1,"2024-02-14T00:00:00.0000000"
508,75,"51E-60024","VinFast","VF e34",42.00,1,1,"2024-02-20T00:00:00.0000000"
509,78,"61E-60027","Tesla","Model Y",78.00,1,1,"2024-02-26T00:00:00.0000000"
510,81,"51E-60030","VinFast","VF e34",42.00,1,1,"2024-03-03T00:00:00.0000000"
511,84,"61E-60033","Tesla","Model Y",78.00,1,1,"2024-03-09T00:00:00.0000000"
512,87,"51E-60036","VinFast","VF e34",42.00,1,1,"2024-03-15T00:00:00.0000000"
513,90,"61E-60039","Tesla","Model Y",78.00,1,1,"2024-03-21T00:00:00.0000000"
514,93,"51E-60042","VinFast","VF e34",42.00,1,1,"2024-03-27T00:00:00.0000000"
515,96,"61E-60045","Tesla","Model Y",78.00,1,1,"2024-02-17T00:00:00.0000000"
516,99,"51E-60048","VinFast","VF e34",42.00,1,1,"2024-02-23T00:00:00.0000000"
517,102,"61E-60051","Tesla","Model Y",78.00,1,1,"2024-02-29T00:00:00.0000000"
518,105,"51E-60054","VinFast","VF e34",42.00,1,1,"2024-03-06T00:00:00.0000000"
519,108,"61E-60057","Tesla","Model Y",78.00,1,1,"2024-03-12T00:00:00.0000000"
520,111,"51E-60060","VinFast","VF e34",42.00,1,1,"2024-03-18T00:00:00.0000000"
521,114,"61E-60063","Tesla","Model Y",78.00,1,1,"2024-03-24T00:00:00.0000000"
522,117,"51E-60066","VinFast","VF e34",42.00,1,1,"2024-03-30T00:00:00.0000000"
523,120,"61E-60069","Tesla","Model Y",78.00,1,1,"2024-04-05T00:00:00.0000000"
524,123,"51E-60072","VinFast","VF e34",42.00,1,1,"2024-04-11T00:00:00.0000000"
525,126,"61E-60075","Tesla","Model Y",78.00,1,1,"2024-04-17T00:00:00.0000000"
526,129,"51E-60078","VinFast","VF e34",42.00,1,1,"2024-04-23T00:00:00.0000000"
527,132,"61E-60081","Tesla","Model Y",78.00,1,1,"2024-04-29T00:00:00.0000000"
528,135,"51E-60084","VinFast","VF e34",42.00,1,1,"2024-05-05T00:00:00.0000000"
529,138,"61E-60087","Tesla","Model Y",78.00,1,1,"2024-05-11T00:00:00.0000000"
530,141,"51E-60090","VinFast","VF e34",42.00,1,1,"2024-04-02T00:00:00.0000000"
531,144,"61E-60093","Tesla","Model Y",78.00,1,1,"2024-04-08T00:00:00.0000000"
532,147,"51E-60096","VinFast","VF e34",42.00,1,1,"2024-04-14T00:00:00.0000000"
533,150,"61E-60099","Tesla","Model Y",78.00,1,1,"2024-04-20T00:00:00.0000000"
534,153,"51E-60102","VinFast","VF e34",42.00,1,1,"2024-04-26T00:00:00.0000000"
535,156,"61E-60105","Tesla","Model Y",78.00,1,1,"2024-05-02T00:00:00.0000000"
536,159,"51E-60108","VinFast","VF e34",42.00,1,1,"2024-05-08T00:00:00.0000000"
537,162,"61E-60111","Tesla","Model Y",78.00,1,1,"2024-05-14T00:00:00.0000000"
538,165,"51E-60114","VinFast","VF e34",42.00,1,1,"2024-05-20T00:00:00.0000000"
539,168,"61E-60117","Tesla","Model Y",78.00,1,1,"2024-05-26T00:00:00.0000000"
540,171,"51E-60120","VinFast","VF e34",42.00,1,1,"2024-06-01T00:00:00.0000000"
541,174,"61E-60123","Tesla","Model Y",78.00,1,1,"2024-06-07T00:00:00.0000000"
542,177,"51E-60126","VinFast","VF e34",42.00,1,1,"2024-06-13T00:00:00.0000000"
543,180,"61E-60129","Tesla","Model Y",78.00,1,1,"2024-06-19T00:00:00.0000000"
544,183,"51E-60132","VinFast","VF e34",42.00,1,1,"2024-06-25T00:00:00.0000000"
545,186,"61E-60135","Tesla","Model Y",78.00,1,1,"2024-05-17T00:00:00.0000000"
546,189,"51E-60138","VinFast","VF e34",42.00,1,1,"2024-05-23T00:00:00.0000000"
547,192,"61E-60141","Tesla","Model Y",78.00,1,1,"2024-05-29T00:00:00.0000000"
548,195,"51E-60144","VinFast","VF e34",42.00,1,1,"2024-06-04T00:00:00.0000000"
549,198,"61E-60147","Tesla","Model Y",78.00,1,1,"2024-06-10T00:00:00.0000000"
550,201,"51E-60150","VinFast","VF e34",42.00,1,1,"2024-06-16T00:00:00.0000000"
551,204,"61E-60153","Tesla","Model Y",78.00,1,1,"2024-06-22T00:00:00.0000000"
552,207,"51E-60156","VinFast","VF e34",42.00,1,1,"2024-06-28T00:00:00.0000000"
553,210,"61E-60159","Tesla","Model Y",78.00,1,1,"2024-07-04T00:00:00.0000000"
554,213,"51E-60162","VinFast","VF e34",42.00,1,1,"2024-07-10T00:00:00.0000000"
555,216,"61E-60165","Tesla","Model Y",78.00,1,1,"2024-07-16T00:00:00.0000000"
556,219,"51E-60168","VinFast","VF e34",42.00,1,1,"2024-07-22T00:00:00.0000000"
557,222,"61E-60171","Tesla","Model Y",78.00,1,1,"2024-07-28T00:00:00.0000000"
558,225,"51E-60174","VinFast","VF e34",42.00,1,1,"2024-08-03T00:00:00.0000000"
559,228,"61E-60177","Tesla","Model Y",78.00,1,1,"2024-08-09T00:00:00.0000000"
560,231,"51E-60180","VinFast","VF e34",42.00,1,1,"2024-01-03T00:00:00.0000000"
561,234,"61E-60183","Tesla","Model Y",78.00,1,1,"2024-01-09T00:00:00.0000000"
562,237,"51E-60186","VinFast","VF e34",42.00,1,1,"2024-01-15T00:00:00.0000000"
563,240,"61E-60189","Tesla","Model Y",78.00,1,1,"2024-01-21T00:00:00.0000000"
564,243,"51E-60192","VinFast","VF e34",42.00,1,1,"2024-01-27T00:00:00.0000000"
565,246,"61E-60195","Tesla","Model Y",78.00,1,1,"2024-02-02T00:00:00.0000000"
566,249,"51E-60198","VinFast","VF e34",42.00,1,1,"2024-02-08T00:00:00.0000000"
567,252,"61E-60201","Tesla","Model Y",78.00,1,1,"2024-02-14T00:00:00.0000000"
568,255,"51E-60204","VinFast","VF e34",42.00,1,1,"2024-02-20T00:00:00.0000000"
569,258,"61E-60207","Tesla","Model Y",78.00,1,1,"2024-02-26T00:00:00.0000000"
570,261,"51E-60210","VinFast","VF e34",42.00,1,1,"2024-03-03T00:00:00.0000000"
571,264,"61E-60213","Tesla","Model Y",78.00,1,1,"2024-03-09T00:00:00.0000000"
572,267,"51E-60216","VinFast","VF e34",42.00,1,1,"2024-03-15T00:00:00.0000000"
573,270,"61E-60219","Tesla","Model Y",78.00,1,1,"2024-03-21T00:00:00.0000000"
574,273,"51E-60222","VinFast","VF e34",42.00,1,1,"2024-03-27T00:00:00.0000000"
575,276,"61E-60225","Tesla","Model Y",78.00,1,1,"2024-02-17T00:00:00.0000000"
576,279,"51E-60228","VinFast","VF e34",42.00,1,1,"2024-02-23T00:00:00.0000000"
577,282,"61E-60231","Tesla","Model Y",78.00,1,1,"2024-02-29T00:00:00.0000000"
578,285,"51E-60234","VinFast","VF e34",42.00,1,1,"2024-03-06T00:00:00.0000000"
579,288,"61E-60237","Tesla","Model Y",78.00,1,1,"2024-03-12T00:00:00.0000000"
580,291,"51E-60240","VinFast","VF e34",42.00,1,1,"2024-03-18T00:00:00.0000000"
581,294,"61E-60243","Tesla","Model Y",78.00,1,1,"2024-03-24T00:00:00.0000000"
582,297,"51E-60246","VinFast","VF e34",42.00,1,1,"2024-03-30T00:00:00.0000000"
583,300,"61E-60249","Tesla","Model Y",78.00,1,1,"2024-04-05T00:00:00.0000000"
584,303,"51E-60252","VinFast","VF e34",42.00,1,1,"2024-04-11T00:00:00.0000000"
585,306,"61E-60255","Tesla","Model Y",78.00,1,1,"2024-04-17T00:00:00.0000000"
586,309,"51E-60258","VinFast","VF e34",42.00,1,1,"2024-04-23T00:00:00.0000000"
587,312,"61E-60261","Tesla","Model Y",78.00,1,1,"2024-04-29T00:00:00.0000000"
588,315,"51E-60264","VinFast","VF e34",42.00,1,1,"2024-05-05T00:00:00.0000000"
589,318,"61E-60267","Tesla","Model Y",78.00,1,1,"2024-05-11T00:00:00.0000000"
590,321,"51E-60270","VinFast","VF e34",42.00,1,1,"2024-04-02T00:00:00.0000000"
591,324,"61E-60273","Tesla","Model Y",78.00,1,1,"2024-04-08T00:00:00.0000000"
592,327,"51E-60276","VinFast","VF e34",42.00,1,1,"2024-04-14T00:00:00.0000000"
593,330,"61E-60279","Tesla","Model Y",78.00,1,1,"2024-04-20T00:00:00.0000000"
594,333,"51E-60282","VinFast","VF e34",42.00,1,1,"2024-04-26T00:00:00.0000000"
595,336,"61E-60285","Tesla","Model Y",78.00,1,1,"2024-05-02T00:00:00.0000000"
596,339,"51E-60288","VinFast","VF e34",42.00,1,1,"2024-05-08T00:00:00.0000000"
597,342,"61E-60291","Tesla","Model Y",78.00,1,1,"2024-05-14T00:00:00.0000000"
598,345,"51E-60294","VinFast","VF e34",42.00,1,1,"2024-05-20T00:00:00.0000000"
599,348,"61E-60297","Tesla","Model Y",78.00,1,1,"2024-05-26T00:00:00.0000000"
600,351,"51E-60300","VinFast","VF e34",42.00,1,1,"2024-06-01T00:00:00.0000000"
601,354,"61E-60303","Tesla","Model Y",78.00,1,1,"2024-06-07T00:00:00.0000000"
602,357,"51E-60306","VinFast","VF e34",42.00,1,1,"2024-06-13T00:00:00.0000000"
603,360,"61E-60309","Tesla","Model Y",78.00,1,1,"2024-06-19T00:00:00.0000000"
604,363,"51E-60312","VinFast","VF e34",42.00,1,1,"2024-06-25T00:00:00.0000000"
605,366,"61E-60315","Tesla","Model Y",78.00,1,1,"2024-05-17T00:00:00.0000000"
606,369,"51E-60318","VinFast","VF e34",42.00,1,1,"2024-05-23T00:00:00.0000000"
607,372,"61E-60321","Tesla","Model Y",78.00,1,1,"2024-05-29T00:00:00.0000000"
608,375,"51E-60324","VinFast","VF e34",42.00,1,1,"2024-06-04T00:00:00.0000000"
609,378,"61E-60327","Tesla","Model Y",78.00,1,1,"2024-06-10T00:00:00.0000000"
610,381,"51E-60330","VinFast","VF e34",42.00,1,1,"2024-06-16T00:00:00.0000000"
611,384,"61E-60333","Tesla","Model Y",78.00,1,1,"2024-06-22T00:00:00.0000000"
612,387,"51E-60336","VinFast","VF e34",42.00,1,1,"2024-06-28T00:00:00.0000000"
613,390,"61E-60339","Tesla","Model Y",78.00,1,1,"2024-07-04T00:00:00.0000000"
614,393,"51E-60342","VinFast","VF e34",42.00,1,1,"2024-07-10T00:00:00.0000000"
615,396,"61E-60345","Tesla","Model Y",78.00,1,1,"2024-07-16T00:00:00.0000000"
616,399,"51E-60348","VinFast","VF e34",42.00,1,1,"2024-07-22T00:00:00.0000000"
617,402,"61E-60351","Tesla","Model Y",78.00,1,1,"2024-07-28T00:00:00.0000000"
618,405,"51E-60354","VinFast","VF e34",42.00,1,1,"2024-08-03T00:00:00.0000000"
619,408,"61E-60357","Tesla","Model Y",78.00,1,1,"2024-08-09T00:00:00.0000000"
620,411,"51E-60360","VinFast","VF e34",42.00,1,1,"2024-01-03T00:00:00.0000000"
621,414,"61E-60363","Tesla","Model Y",78.00,1,1,"2024-01-09T00:00:00.0000000"
622,417,"51E-60366","VinFast","VF e34",42.00,1,1,"2024-01-15T00:00:00.0000000"
623,420,"61E-60369","Tesla","Model Y",78.00,1,1,"2024-01-21T00:00:00.0000000"
624,423,"51E-60372","VinFast","VF e34",42.00,1,1,"2024-01-27T00:00:00.0000000"
625,426,"61E-60375","Tesla","Model Y",78.00,1,1,"2024-02-02T00:00:00.0000000"
626,429,"51E-60378","VinFast","VF e34",42.00,1,1,"2024-02-08T00:00:00.0000000"
627,432,"61E-60381","Tesla","Model Y",78.00,1,1,"2024-02-14T00:00:00.0000000"
628,435,"51E-60384","VinFast","VF e34",42.00,1,1,"2024-02-20T00:00:00.0000000"
629,438,"61E-60387","Tesla","Model Y",78.00,1,1,"2024-02-26T00:00:00.0000000"
630,441,"51E-60390","VinFast","VF e34",42.00,1,1,"2024-03-03T00:00:00.0000000"
631,444,"61E-60393","Tesla","Model Y",78.00,1,1,"2024-03-09T00:00:00.0000000"
632,447,"51E-60396","VinFast","VF e34",42.00,1,1,"2024-03-15T00:00:00.0000000"
633,450,"61E-60399","Tesla","Model Y",78.00,1,1,"2024-03-21T00:00:00.0000000"
634,453,"51E-60402","VinFast","VF e34",42.00,1,1,"2024-03-27T00:00:00.0000000"
635,456,"61E-60405","Tesla","Model Y",78.00,1,1,"2024-02-17T00:00:00.0000000"
636,459,"51E-60408","VinFast","VF e34",42.00,1,1,"2024-02-23T00:00:00.0000000"
637,462,"61E-60411","Tesla","Model Y",78.00,1,1,"2024-02-29T00:00:00.0000000"
638,465,"51E-60414","VinFast","VF e34",42.00,1,1,"2024-03-06T00:00:00.0000000"
639,468,"61E-60417","Tesla","Model Y",78.00,1,1,"2024-03-12T00:00:00.0000000"
640,471,"51E-60420","VinFast","VF e34",42.00,1,1,"2024-03-18T00:00:00.0000000"
641,474,"61E-60423","Tesla","Model Y",78.00,1,1,"2024-03-24T00:00:00.0000000"
642,477,"51E-60426","VinFast","VF e34",42.00,1,1,"2024-03-30T00:00:00.0000000"
643,480,"61E-60429","Tesla","Model Y",78.00,1,1,"2024-04-05T00:00:00.0000000"
644,483,"51E-60432","VinFast","VF e34",42.00,1,1,"2024-04-11T00:00:00.0000000"
645,486,"61E-60435","Tesla","Model Y",78.00,1,1,"2024-04-17T00:00:00.0000000"
646,489,"51E-60438","VinFast","VF e34",42.00,1,1,"2024-04-23T00:00:00.0000000"
647,492,"61E-60441","Tesla","Model Y",78.00,1,1,"2024-04-29T00:00:00.0000000"
648,495,"51E-60444","VinFast","VF e34",42.00,1,1,"2024-05-05T00:00:00.0000000"
649,498,"61E-60447","Tesla","Model Y",78.00,1,1,"2024-05-11T00:00:00.0000000"
650,501,"51E-60450","VinFast","VF e34",42.00,1,1,"2024-04-02T00:00:00.0000000"
651,504,"61E-60453","Tesla","Model Y",78.00,1,1,"2024-04-08T00:00:00.0000000"
652,507,"51E-60456","VinFast","VF e34",42.00,1,1,"2024-04-14T00:00:00.0000000"
653,510,"61E-60459","Tesla","Model Y",78.00,1,1,"2024-04-20T00:00:00.0000000"
654,513,"51E-60462","VinFast","VF e34",42.00,1,1,"2024-04-26T00:00:00.0000000"
655,516,"61E-60465","Tesla","Model Y",78.00,1,1,"2024-05-02T00:00:00.0000000"
656,519,"51E-60468","VinFast","VF e34",42.00,1,1,"2024-05-08T00:00:00.0000000"
657,522,"61E-60471","Tesla","Model Y",78.00,1,1,"2024-05-14T00:00:00.0000000"
658,525,"51E-60474","VinFast","VF e34",42.00,1,1,"2024-05-20T00:00:00.0000000"
659,528,"61E-60477","Tesla","Model Y",78.00,1,1,"2024-05-26T00:00:00.0000000"
660,531,"51E-60480","VinFast","VF e34",42.00,1,1,"2024-06-01T00:00:00.0000000"
661,534,"61E-60483","Tesla","Model Y",78.00,1,1,"2024-06-07T00:00:00.0000000"
662,537,"51E-60486","VinFast","VF e34",42.00,1,1,"2024-06-13T00:00:00.0000000"
663,540,"61E-60489","Tesla","Model Y",78.00,1,1,"2024-06-19T00:00:00.0000000"
664,543,"51E-60492","VinFast","VF e34",42.00,1,1,"2024-06-25T00:00:00.0000000"
665,546,"61E-60495","Tesla","Model Y",78.00,1,1,"2024-05-17T00:00:00.0000000"
666,549,"51E-60498","VinFast","VF e34",42.00,1,1,"2024-05-23T00:00:00.0000000"
667,52,"FEATURE-DEMO-3C4CDD4","VinFast","VF 8 Plus",87.70,1,1,"2026-06-02T16:09:16.8655008"
