"UserID","RoleID","AssignedAt"
"1","1","6/1/2026 10:27:39 PM"
"2","1","6/1/2026 10:27:39 PM"
"3","1","6/1/2026 10:27:39 PM"
"4","3","6/1/2026 10:27:39 PM"
"5","3","6/1/2026 10:27:39 PM"
"6","3","6/1/2026 10:27:39 PM"
"7","3","6/1/2026 10:27:39 PM"
"8","3","6/1/2026 10:27:39 PM"
"9","2","6/1/2026 10:27:39 PM"
"10","2","6/1/2026 10:27:39 PM"
"11","2","6/1/2026 10:27:39 PM"
"12","2","6/1/2026 10:27:39 PM"
"13","2","6/1/2026 10:27:39 PM"
"14","2","6/1/2026 10:27:39 PM"
"15","2","6/1/2026 10:27:39 PM"
"16","2","6/1/2026 10:27:39 PM"
"17","2","6/1/2026 10:27:39 PM"
"18","2","6/1/2026 10:27:39 PM"
"19","2","6/1/2026 10:27:39 PM"
"20","2","6/1/2026 10:27:39 PM"
"21","2","6/1/2026 10:27:39 PM"
"22","2","6/1/2026 10:27:39 PM"
"23","2","6/1/2026 10:27:39 PM"
"24","2","6/1/2026 10:27:39 PM"
"25","2","6/1/2026 10:27:39 PM"
"26","2","6/1/2026 10:27:39 PM"
"27","2","6/1/2026 10:27:39 PM"
"28","2","6/1/2026 10:27:39 PM"
"29","2","6/1/2026 10:27:39 PM"
"30","2","6/1/2026 10:27:39 PM"
"31","2","6/1/2026 10:27:39 PM"
"32","2","6/1/2026 10:27:39 PM"
"33","2","6/1/2026 10:27:39 PM"
"34","2","6/1/2026 10:27:39 PM"
"35","2","6/1/2026 10:27:39 PM"
"36","2","6/1/2026 10:27:39 PM"
"37","4","6/1/2026 10:27:39 PM"
"38","4","6/1/2026 10:27:39 PM"
"39","4","6/1/2026 10:27:39 PM"
"40","4","6/1/2026 10:27:39 PM"
"41","4","6/1/2026 10:27:39 PM"
"42","4","6/1/2026 10:27:39 PM"
"43","4","6/1/2026 10:27:39 PM"
"44","4","6/1/2026 10:27:39 PM"
"45","4","6/1/2026 10:27:39 PM"
"46","4","6/1/2026 10:27:39 PM"
"47","4","6/1/2026 10:27:39 PM"
"48","4","6/1/2026 10:27:39 PM"
"49","4","6/1/2026 10:27:39 PM"
"50","4","6/1/2026 10:27:39 PM"
"51","4","6/1/2026 10:27:39 PM"
"52","5","6/1/2026 10:27:39 PM"
"53","5","6/1/2026 10:27:39 PM"
"54","5","6/1/2026 10:27:39 PM"
"55","5","6/1/2026 10:27:39 PM"
"56","5","6/1/2026 10:27:39 PM"
"57","5","6/1/2026 10:27:39 PM"
"58","5","6/1/2026 10:27:39 PM"
"59","5","6/1/2026 10:27:39 PM"
"60","5","6/1/2026 10:27:39 PM"
"61","5","6/1/2026 10:27:39 PM"
"62","5","6/1/2026 10:27:39 PM"
"63","5","6/1/2026 10:27:39 PM"
"64","5","6/1/2026 10:27:39 PM"
"65","5","6/1/2026 10:27:39 PM"
"66","5","6/1/2026 10:27:39 PM"
"67","5","6/1/2026 10:27:39 PM"
"68","5","6/1/2026 10:27:39 PM"
"69","5","6/1/2026 10:27:39 PM"
"70","5","6/1/2026 10:27:39 PM"
"71","5","6/1/2026 10:27:39 PM"
"72","5","6/1/2026 10:27:39 PM"
"73","5","6/1/2026 10:27:39 PM"
"74","5","6/1/2026 10:27:39 PM"
"75","5","6/1/2026 10:27:39 PM"
"76","5","6/1/2026 10:27:39 PM"
"77","5","6/1/2026 10:27:39 PM"
"78","5","6/1/2026 10:27:39 PM"
"79","5","6/1/2026 10:27:39 PM"
"80","5","6/1/2026 10:27:39 PM"
"81","5","6/1/2026 10:27:39 PM"
"82","5","6/1/2026 10:27:39 PM"
"83","5","6/1/2026 10:27:39 PM"
"84","5","6/1/2026 10:27:39 PM"
"85","5","6/1/2026 10:27:39 PM"
"86","5","6/1/2026 10:27:39 PM"
"87","5","6/1/2026 10:27:39 PM"
"88","5","6/1/2026 10:27:39 PM"
"89","5","6/1/2026 10:27:39 PM"
"90","5","6/1/2026 10:27:39 PM"
"91","5","6/1/2026 10:27:39 PM"
"92","5","6/1/2026 10:27:39 PM"
"93","5","6/1/2026 10:27:39 PM"
"94","5","6/1/2026 10:27:39 PM"
"95","5","6/1/2026 10:27:39 PM"
"96","5","6/1/2026 10:27:39 PM"
"97","5","6/1/2026 10:27:39 PM"
"98","5","6/1/2026 10:27:39 PM"
"99","5","6/1/2026 10:27:39 PM"
"100","5","6/1/2026 10:27:39 PM"
"101","5","6/1/2026 10:27:39 PM"
"102","5","6/1/2026 10:27:39 PM"
"103","5","6/1/2026 10:27:39 PM"
"104","5","6/1/2026 10:27:39 PM"
"105","5","6/1/2026 10:27:39 PM"
"106","5","6/1/2026 10:27:39 PM"
"107","5","6/1/2026 10:27:39 PM"
"108","5","6/1/2026 10:27:39 PM"
"109","5","6/1/2026 10:27:39 PM"
"110","5","6/1/2026 10:27:39 PM"
"111","5","6/1/2026 10:27:39 PM"
"112","5","6/1/2026 10:27:39 PM"
"113","5","6/1/2026 10:27:39 PM"
"114","5","6/1/2026 10:27:39 PM"
"115","5","6/1/2026 10:27:39 PM"
"116","5","6/1/2026 10:27:39 PM"
"117","5","6/1/2026 10:27:39 PM"
"118","5","6/1/2026 10:27:39 PM"
"119","5","6/1/2026 10:27:39 PM"
"120","5","6/1/2026 10:27:39 PM"
"121","5","6/1/2026 10:27:39 PM"
"122","5","6/1/2026 10:27:39 PM"
"123","5","6/1/2026 10:27:39 PM"
"124","5","6/1/2026 10:27:39 PM"
"125","5","6/1/2026 10:27:39 PM"
"126","5","6/1/2026 10:27:39 PM"
"127","5","6/1/2026 10:27:39 PM"
"128","5","6/1/2026 10:27:39 PM"
"129","5","6/1/2026 10:27:39 PM"
"130","5","6/1/2026 10:27:39 PM"
"131","5","6/1/2026 10:27:39 PM"
"132","5","6/1/2026 10:27:39 PM"
"133","5","6/1/2026 10:27:39 PM"
"134","5","6/1/2026 10:27:39 PM"
"135","5","6/1/2026 10:27:39 PM"
"136","5","6/1/2026 10:27:39 PM"
"137","5","6/1/2026 10:27:39 PM"
"138","5","6/1/2026 10:27:39 PM"
"139","5","6/1/2026 10:27:39 PM"
"140","5","6/1/2026 10:27:39 PM"
"141","5","6/1/2026 10:27:39 PM"
"142","5","6/1/2026 10:27:39 PM"
"143","5","6/1/2026 10:27:39 PM"
"144","5","6/1/2026 10:27:39 PM"
"145","5","6/1/2026 10:27:39 PM"
"146","5","6/1/2026 10:27:39 PM"
"147","5","6/1/2026 10:27:39 PM"
"148","5","6/1/2026 10:27:39 PM"
"149","5","6/1/2026 10:27:39 PM"
"150","5","6/1/2026 10:27:39 PM"
"151","5","6/1/2026 10:27:39 PM"
"152","5","6/1/2026 10:27:39 PM"
"153","5","6/1/2026 10:27:39 PM"
"154","5","6/1/2026 10:27:39 PM"
"155","5","6/1/2026 10:27:39 PM"
"156","5","6/1/2026 10:27:39 PM"
"157","5","6/1/2026 10:27:39 PM"
"158","5","6/1/2026 10:27:39 PM"
"159","5","6/1/2026 10:27:39 PM"
"160","5","6/1/2026 10:27:39 PM"
"161","5","6/1/2026 10:27:39 PM"
"162","5","6/1/2026 10:27:39 PM"
"163","5","6/1/2026 10:27:39 PM"
"164","5","6/1/2026 10:27:39 PM"
"165","5","6/1/2026 10:27:39 PM"
"166","5","6/1/2026 10:27:39 PM"
"167","5","6/1/2026 10:27:39 PM"
"168","5","6/1/2026 10:27:39 PM"
"169","5","6/1/2026 10:27:39 PM"
"170","5","6/1/2026 10:27:39 PM"
"171","5","6/1/2026 10:27:39 PM"
"172","5","6/1/2026 10:27:39 PM"
"173","5","6/1/2026 10:27:39 PM"
"174","5","6/1/2026 10:27:39 PM"
"175","5","6/1/2026 10:27:39 PM"
"176","5","6/1/2026 10:27:39 PM"
"177","5","6/1/2026 10:27:39 PM"
"178","5","6/1/2026 10:27:39 PM"
"179","5","6/1/2026 10:27:39 PM"
"180","5","6/1/2026 10:27:39 PM"
"181","5","6/1/2026 10:27:39 PM"
"182","5","6/1/2026 10:27:39 PM"
"183","5","6/1/2026 10:27:39 PM"
"184","5","6/1/2026 10:27:39 PM"
"185","5","6/1/2026 10:27:39 PM"
"186","5","6/1/2026 10:27:39 PM"
"187","5","6/1/2026 10:27:39 PM"
"188","5","6/1/2026 10:27:39 PM"
"189","5","6/1/2026 10:27:39 PM"
"190","5","6/1/2026 10:27:39 PM"
"191","5","6/1/2026 10:27:39 PM"
"192","5","6/1/2026 10:27:39 PM"
"193","5","6/1/2026 10:27:39 PM"
"194","5","6/1/2026 10:27:39 PM"
"195","5","6/1/2026 10:27:39 PM"
"196","5","6/1/2026 10:27:39 PM"
"197","5","6/1/2026 10:27:39 PM"
"198","5","6/1/2026 10:27:39 PM"
"199","5","6/1/2026 10:27:39 PM"
"200","5","6/1/2026 10:27:39 PM"
"201","5","6/1/2026 10:27:39 PM"
"202","5","6/1/2026 10:27:39 PM"
"203","5","6/1/2026 10:27:39 PM"
"204","5","6/1/2026 10:27:39 PM"
"205","5","6/1/2026 10:27:39 PM"
"206","5","6/1/2026 10:27:39 PM"
"207","5","6/1/2026 10:27:39 PM"
"208","5","6/1/2026 10:27:39 PM"
"209","5","6/1/2026 10:27:39 PM"
"210","5","6/1/2026 10:27:39 PM"
"211","5","6/1/2026 10:27:39 PM"
"212","5","6/1/2026 10:27:39 PM"
"213","5","6/1/2026 10:27:39 PM"
"214","5","6/1/2026 10:27:39 PM"
"215","5","6/1/2026 10:27:39 PM"
"216","5","6/1/2026 10:27:39 PM"
"217","5","6/1/2026 10:27:39 PM"
"218","5","6/1/2026 10:27:39 PM"
"219","5","6/1/2026 10:27:39 PM"
"220","5","6/1/2026 10:27:39 PM"
"221","5","6/1/2026 10:27:39 PM"
"222","5","6/1/2026 10:27:39 PM"
"223","5","6/1/2026 10:27:39 PM"
"224","5","6/1/2026 10:27:39 PM"
"225","5","6/1/2026 10:27:39 PM"
"226","5","6/1/2026 10:27:39 PM"
"227","5","6/1/2026 10:27:39 PM"
"228","5","6/1/2026 10:27:39 PM"
"229","5","6/1/2026 10:27:39 PM"
"230","5","6/1/2026 10:27:39 PM"
"231","5","6/1/2026 10:27:39 PM"
"232","5","6/1/2026 10:27:39 PM"
"233","5","6/1/2026 10:27:39 PM"
"234","5","6/1/2026 10:27:39 PM"
"235","5","6/1/2026 10:27:39 PM"
"236","5","6/1/2026 10:27:39 PM"
"237","5","6/1/2026 10:27:39 PM"
"238","5","6/1/2026 10:27:39 PM"
"239","5","6/1/2026 10:27:39 PM"
"240","5","6/1/2026 10:27:39 PM"
"241","5","6/1/2026 10:27:39 PM"
"242","5","6/1/2026 10:27:39 PM"
"243","5","6/1/2026 10:27:39 PM"
"244","5","6/1/2026 10:27:39 PM"
"245","5","6/1/2026 10:27:39 PM"
"246","5","6/1/2026 10:27:39 PM"
"247","5","6/1/2026 10:27:39 PM"
"248","5","6/1/2026 10:27:39 PM"
"249","5","6/1/2026 10:27:39 PM"
"250","5","6/1/2026 10:27:39 PM"
"251","5","6/1/2026 10:27:39 PM"
"252","5","6/1/2026 10:27:39 PM"
"253","5","6/1/2026 10:27:39 PM"
"254","5","6/1/2026 10:27:39 PM"
"255","5","6/1/2026 10:27:39 PM"
"256","5","6/1/2026 10:27:39 PM"
"257","5","6/1/2026 10:27:39 PM"
"258","5","6/1/2026 10:27:39 PM"
"259","5","6/1/2026 10:27:39 PM"
"260","5","6/1/2026 10:27:39 PM"
"261","5","6/1/2026 10:27:39 PM"
"262","5","6/1/2026 10:27:39 PM"
"263","5","6/1/2026 10:27:39 PM"
"264","5","6/1/2026 10:27:39 PM"
"265","5","6/1/2026 10:27:39 PM"
"266","5","6/1/2026 10:27:39 PM"
"267","5","6/1/2026 10:27:39 PM"
"268","5","6/1/2026 10:27:39 PM"
"269","5","6/1/2026 10:27:39 PM"
"270","5","6/1/2026 10:27:39 PM"
"271","5","6/1/2026 10:27:39 PM"
"272","5","6/1/2026 10:27:39 PM"
"273","5","6/1/2026 10:27:39 PM"
"274","5","6/1/2026 10:27:39 PM"
"275","5","6/1/2026 10:27:39 PM"
"276","5","6/1/2026 10:27:39 PM"
"277","5","6/1/2026 10:27:39 PM"
"278","5","6/1/2026 10:27:39 PM"
"279","5","6/1/2026 10:27:39 PM"
"280","5","6/1/2026 10:27:39 PM"
"281","5","6/1/2026 10:27:39 PM"
"282","5","6/1/2026 10:27:39 PM"
"283","5","6/1/2026 10:27:39 PM"
"284","5","6/1/2026 10:27:39 PM"
"285","5","6/1/2026 10:27:39 PM"
"286","5","6/1/2026 10:27:39 PM"
"287","5","6/1/2026 10:27:39 PM"
"288","5","6/1/2026 10:27:39 PM"
"289","5","6/1/2026 10:27:39 PM"
"290","5","6/1/2026 10:27:39 PM"
"291","5","6/1/2026 10:27:39 PM"
"292","5","6/1/2026 10:27:39 PM"
"293","5","6/1/2026 10:27:39 PM"
"294","5","6/1/2026 10:27:39 PM"
"295","5","6/1/2026 10:27:39 PM"
"296","5","6/1/2026 10:27:39 PM"
"297","5","6/1/2026 10:27:39 PM"
"298","5","6/1/2026 10:27:39 PM"
"299","5","6/1/2026 10:27:39 PM"
"300","5","6/1/2026 10:27:39 PM"
"301","5","6/1/2026 10:27:39 PM"
"302","5","6/1/2026 10:27:39 PM"
"303","5","6/1/2026 10:27:39 PM"
"304","5","6/1/2026 10:27:39 PM"
"305","5","6/1/2026 10:27:39 PM"
"306","5","6/1/2026 10:27:39 PM"
"307","5","6/1/2026 10:27:39 PM"
"308","5","6/1/2026 10:27:39 PM"
"309","5","6/1/2026 10:27:39 PM"
"310","5","6/1/2026 10:27:39 PM"
"311","5","6/1/2026 10:27:39 PM"
"312","5","6/1/2026 10:27:39 PM"
"313","5","6/1/2026 10:27:39 PM"
"314","5","6/1/2026 10:27:39 PM"
"315","5","6/1/2026 10:27:39 PM"
"316","5","6/1/2026 10:27:39 PM"
"317","5","6/1/2026 10:27:39 PM"
"318","5","6/1/2026 10:27:39 PM"
"319","5","6/1/2026 10:27:39 PM"
"320","5","6/1/2026 10:27:39 PM"
"321","5","6/1/2026 10:27:39 PM"
"322","5","6/1/2026 10:27:39 PM"
"323","5","6/1/2026 10:27:39 PM"
"324","5","6/1/2026 10:27:39 PM"
"325","5","6/1/2026 10:27:39 PM"
"326","5","6/1/2026 10:27:39 PM"
"327","5","6/1/2026 10:27:39 PM"
"328","5","6/1/2026 10:27:39 PM"
"329","5","6/1/2026 10:27:39 PM"
"330","5","6/1/2026 10:27:39 PM"
"331","5","6/1/2026 10:27:39 PM"
"332","5","6/1/2026 10:27:39 PM"
"333","5","6/1/2026 10:27:39 PM"
"334","5","6/1/2026 10:27:39 PM"
"335","5","6/1/2026 10:27:39 PM"
"336","5","6/1/2026 10:27:39 PM"
"337","5","6/1/2026 10:27:39 PM"
"338","5","6/1/2026 10:27:39 PM"
"339","5","6/1/2026 10:27:39 PM"
"340","5","6/1/2026 10:27:39 PM"
"341","5","6/1/2026 10:27:39 PM"
"342","5","6/1/2026 10:27:39 PM"
"343","5","6/1/2026 10:27:39 PM"
"344","5","6/1/2026 10:27:39 PM"
"345","5","6/1/2026 10:27:39 PM"
"346","5","6/1/2026 10:27:39 PM"
"347","5","6/1/2026 10:27:39 PM"
"348","5","6/1/2026 10:27:39 PM"
"349","5","6/1/2026 10:27:39 PM"
"350","5","6/1/2026 10:27:39 PM"
"351","5","6/1/2026 10:27:39 PM"
"352","5","6/1/2026 10:27:39 PM"
"353","5","6/1/2026 10:27:39 PM"
"354","5","6/1/2026 10:27:39 PM"
"355","5","6/1/2026 10:27:39 PM"
"356","5","6/1/2026 10:27:39 PM"
"357","5","6/1/2026 10:27:39 PM"
"358","5","6/1/2026 10:27:39 PM"
"359","5","6/1/2026 10:27:39 PM"
"360","5","6/1/2026 10:27:39 PM"
"361","5","6/1/2026 10:27:39 PM"
"362","5","6/1/2026 10:27:39 PM"
"363","5","6/1/2026 10:27:39 PM"
"364","5","6/1/2026 10:27:39 PM"
"365","5","6/1/2026 10:27:39 PM"
"366","5","6/1/2026 10:27:39 PM"
"367","5","6/1/2026 10:27:39 PM"
"368","5","6/1/2026 10:27:39 PM"
"369","5","6/1/2026 10:27:39 PM"
"370","5","6/1/2026 10:27:39 PM"
"371","5","6/1/2026 10:27:39 PM"
"372","5","6/1/2026 10:27:39 PM"
"373","5","6/1/2026 10:27:39 PM"
"374","5","6/1/2026 10:27:39 PM"
"375","5","6/1/2026 10:27:39 PM"
"376","5","6/1/2026 10:27:39 PM"
"377","5","6/1/2026 10:27:39 PM"
"378","5","6/1/2026 10:27:39 PM"
"379","5","6/1/2026 10:27:39 PM"
"380","5","6/1/2026 10:27:39 PM"
"381","5","6/1/2026 10:27:39 PM"
"382","5","6/1/2026 10:27:39 PM"
"383","5","6/1/2026 10:27:39 PM"
"384","5","6/1/2026 10:27:39 PM"
"385","5","6/1/2026 10:27:39 PM"
"386","5","6/1/2026 10:27:39 PM"
"387","5","6/1/2026 10:27:39 PM"
"388","5","6/1/2026 10:27:39 PM"
"389","5","6/1/2026 10:27:39 PM"
"390","5","6/1/2026 10:27:39 PM"
"391","5","6/1/2026 10:27:39 PM"
"392","5","6/1/2026 10:27:39 PM"
"393","5","6/1/2026 10:27:39 PM"
"394","5","6/1/2026 10:27:39 PM"
"395","5","6/1/2026 10:27:39 PM"
"396","5","6/1/2026 10:27:39 PM"
"397","5","6/1/2026 10:27:39 PM"
"398","5","6/1/2026 10:27:39 PM"
"399","5","6/1/2026 10:27:39 PM"
"400","5","6/1/2026 10:27:39 PM"
"401","5","6/1/2026 10:27:39 PM"
"402","5","6/1/2026 10:27:39 PM"
"403","5","6/1/2026 10:27:39 PM"
"404","5","6/1/2026 10:27:39 PM"
"405","5","6/1/2026 10:27:39 PM"
"406","5","6/1/2026 10:27:39 PM"
"407","5","6/1/2026 10:27:39 PM"
"408","5","6/1/2026 10:27:39 PM"
"409","5","6/1/2026 10:27:39 PM"
"410","5","6/1/2026 10:27:39 PM"
"411","5","6/1/2026 10:27:39 PM"
"412","5","6/1/2026 10:27:39 PM"
"413","5","6/1/2026 10:27:39 PM"
"414","5","6/1/2026 10:27:39 PM"
"415","5","6/1/2026 10:27:39 PM"
"416","5","6/1/2026 10:27:39 PM"
"417","5","6/1/2026 10:27:39 PM"
"418","5","6/1/2026 10:27:39 PM"
"419","5","6/1/2026 10:27:39 PM"
"420","5","6/1/2026 10:27:39 PM"
"421","5","6/1/2026 10:27:39 PM"
"422","5","6/1/2026 10:27:39 PM"
"423","5","6/1/2026 10:27:39 PM"
"424","5","6/1/2026 10:27:39 PM"
"425","5","6/1/2026 10:27:39 PM"
"426","5","6/1/2026 10:27:39 PM"
"427","5","6/1/2026 10:27:39 PM"
"428","5","6/1/2026 10:27:39 PM"
"429","5","6/1/2026 10:27:39 PM"
"430","5","6/1/2026 10:27:39 PM"
"431","5","6/1/2026 10:27:39 PM"
"432","5","6/1/2026 10:27:39 PM"
"433","5","6/1/2026 10:27:39 PM"
"434","5","6/1/2026 10:27:39 PM"
"435","5","6/1/2026 10:27:39 PM"
"436","5","6/1/2026 10:27:39 PM"
"437","5","6/1/2026 10:27:39 PM"
"438","5","6/1/2026 10:27:39 PM"
"439","5","6/1/2026 10:27:39 PM"
"440","5","6/1/2026 10:27:39 PM"
"441","5","6/1/2026 10:27:39 PM"
"442","5","6/1/2026 10:27:39 PM"
"443","5","6/1/2026 10:27:39 PM"
"444","5","6/1/2026 10:27:39 PM"
"445","5","6/1/2026 10:27:39 PM"
"446","5","6/1/2026 10:27:39 PM"
"447","5","6/1/2026 10:27:39 PM"
"448","5","6/1/2026 10:27:39 PM"
"449","5","6/1/2026 10:27:39 PM"
"450","5","6/1/2026 10:27:39 PM"
"451","5","6/1/2026 10:27:39 PM"
"452","5","6/1/2026 10:27:39 PM"
"453","5","6/1/2026 10:27:39 PM"
"454","5","6/1/2026 10:27:39 PM"
"455","5","6/1/2026 10:27:39 PM"
"456","5","6/1/2026 10:27:39 PM"
"457","5","6/1/2026 10:27:39 PM"
"458","5","6/1/2026 10:27:39 PM"
"459","5","6/1/2026 10:27:39 PM"
"460","5","6/1/2026 10:27:39 PM"
"461","5","6/1/2026 10:27:39 PM"
"462","5","6/1/2026 10:27:39 PM"
"463","5","6/1/2026 10:27:39 PM"
"464","5","6/1/2026 10:27:39 PM"
"465","5","6/1/2026 10:27:39 PM"
"466","5","6/1/2026 10:27:39 PM"
"467","5","6/1/2026 10:27:39 PM"
"468","5","6/1/2026 10:27:39 PM"
"469","5","6/1/2026 10:27:39 PM"
"470","5","6/1/2026 10:27:39 PM"
"471","5","6/1/2026 10:27:39 PM"
"472","5","6/1/2026 10:27:39 PM"
"473","5","6/1/2026 10:27:39 PM"
"474","5","6/1/2026 10:27:39 PM"
"475","5","6/1/2026 10:27:39 PM"
"476","5","6/1/2026 10:27:39 PM"
"477","5","6/1/2026 10:27:39 PM"
"478","5","6/1/2026 10:27:39 PM"
"479","5","6/1/2026 10:27:39 PM"
"480","5","6/1/2026 10:27:39 PM"
"481","5","6/1/2026 10:27:39 PM"
"482","5","6/1/2026 10:27:39 PM"
"483","5","6/1/2026 10:27:39 PM"
"484","5","6/1/2026 10:27:39 PM"
"485","5","6/1/2026 10:27:39 PM"
"486","5","6/1/2026 10:27:39 PM"
"487","5","6/1/2026 10:27:39 PM"
"488","5","6/1/2026 10:27:39 PM"
"489","5","6/1/2026 10:27:39 PM"
"490","5","6/1/2026 10:27:39 PM"
"491","5","6/1/2026 10:27:39 PM"
"492","5","6/1/2026 10:27:39 PM"
"493","5","6/1/2026 10:27:39 PM"
"494","5","6/1/2026 10:27:39 PM"
"495","5","6/1/2026 10:27:39 PM"
"496","5","6/1/2026 10:27:39 PM"
"497","5","6/1/2026 10:27:39 PM"
"498","5","6/1/2026 10:27:39 PM"
"499","5","6/1/2026 10:27:39 PM"
"500","5","6/1/2026 10:27:39 PM"
"501","5","6/1/2026 10:27:39 PM"
"502","5","6/1/2026 10:27:39 PM"
"503","5","6/1/2026 10:27:39 PM"
"504","5","6/1/2026 10:27:39 PM"
"505","5","6/1/2026 10:27:39 PM"
"506","5","6/1/2026 10:27:39 PM"
"507","5","6/1/2026 10:27:39 PM"
"508","5","6/1/2026 10:27:39 PM"
"509","5","6/1/2026 10:27:39 PM"
"510","5","6/1/2026 10:27:39 PM"
"511","5","6/1/2026 10:27:39 PM"
"512","5","6/1/2026 10:27:39 PM"
"513","5","6/1/2026 10:27:39 PM"
"514","5","6/1/2026 10:27:39 PM"
"515","5","6/1/2026 10:27:39 PM"
"516","5","6/1/2026 10:27:39 PM"
"517","5","6/1/2026 10:27:39 PM"
"518","5","6/1/2026 10:27:39 PM"
"519","5","6/1/2026 10:27:39 PM"
"520","5","6/1/2026 10:27:39 PM"
"521","5","6/1/2026 10:27:39 PM"
"522","5","6/1/2026 10:27:39 PM"
"523","5","6/1/2026 10:27:39 PM"
"524","5","6/1/2026 10:27:39 PM"
"525","5","6/1/2026 10:27:39 PM"
"526","5","6/1/2026 10:27:39 PM"
"527","5","6/1/2026 10:27:39 PM"
"528","5","6/1/2026 10:27:39 PM"
"529","5","6/1/2026 10:27:39 PM"
"530","5","6/1/2026 10:27:39 PM"
"531","5","6/1/2026 10:27:39 PM"
"532","5","6/1/2026 10:27:39 PM"
"533","5","6/1/2026 10:27:39 PM"
"534","5","6/1/2026 10:27:39 PM"
"535","5","6/1/2026 10:27:39 PM"
"536","5","6/1/2026 10:27:39 PM"
"537","5","6/1/2026 10:27:39 PM"
"538","5","6/1/2026 10:27:39 PM"
"539","5","6/1/2026 10:27:39 PM"
"540","5","6/1/2026 10:27:39 PM"
"541","5","6/1/2026 10:27:39 PM"
"542","5","6/1/2026 10:27:39 PM"
"543","5","6/1/2026 10:27:39 PM"
"544","5","6/1/2026 10:27:39 PM"
"545","5","6/1/2026 10:27:39 PM"
"546","5","6/1/2026 10:27:39 PM"
"547","5","6/1/2026 10:27:39 PM"
"548","5","6/1/2026 10:27:39 PM"
"549","5","6/1/2026 10:27:39 PM"
"550","5","6/1/2026 10:27:39 PM"
"551","5","6/1/2026 10:27:39 PM"
"552","5","6/2/2026 3:00:49 PM"
"553","5","6/2/2026 3:05:26 PM"
